a1,a2,a3,a4,a5,a6,a7,a8,a9,a10,a11,a12,a13,a14,a15,a16,a17,a18,a19,a20,a21,a22,a23,a24,a25,a26,a27,a28,a29,a30,a31,a32,a33,a34,a35,a36,a37,a38,a39,class
19910108.0,265,60,25503.0,1,0,1,0,0,1,2,0,0,1,2,821.0,2.0,2,2,1911.0,55.0,46.0,0.2,17.0,78.0,0.75,20.0,13.1,1700.0,50.5,36.4,0.0,0.0,2.5,1.0,34.0,40.0,105.0,100.0,0
19910109.0,305,60,25503.0,1,0,1,0,0,1,2,0,0,1,2,821.0,2.0,2,2,1910.3646833013436,55.0,46.0,0.3,15.0,80.0,0.75,20.0,6.6,1900.0,54.9,38.5,0.0,0.0,2.5,0.7,34.0,40.0,105.0,100.0,1
19910104.0,10,48,47201.0,1,0,1,0,0,1,0,0,0,1,3,815.0,9.0,0,2,1910.3646833013436,62.0,40.0,0.433,16.0,80.0,0.7243334970530452,30.0,6.5,1850.0,53.8,39.8,0.0,0.0,2.8,0.9,40.0,40.0,103.87,100.0,1
19910104.0,221,46,39039.0,1,0,1,0,0,1,2,0,0,1,3,816.0,9.0,0,2,1910.0,52.0,40.0,0.3,16.0,75.0,0.3125,30.0,5.6,1467.0,55.6,38.8,0.0,0.0,2.5,1.3,40.0,40.0,108.06,100.0,1
19910111.0,153,43,37351.0,0,0,1,0,0,1,0,0,0,1,3,816.0,2.0,2,5,1910.0,50.0,46.0,0.3,17.0,80.0,0.75,30.0,0.0,2100.0,57.5,42.5,5.0,0.0,2.3,0.6,35.0,40.0,106.67,100.0,1
19910104.0,227,46,38039.0,1,0,1,0,0,1,2,0,0,1,3,816.0,2.0,0,2,1910.0,50.0,40.0,0.267,16.8,76.0,0.4375,28.0,8.6,1467.0,53.8,37.6,5.0,0.0,2.5,0.8,40.0,40.0,103.87,100.0,1
19910111.0,300,54,35751.0,0,0,1,0,0,0,0,0,0,1,2,827.0,2.0,2,0,1911.0,50.0,46.0,0.3,16.5,75.0,0.75,30.0,0.0,2600.0,62.5,37.5,6.0,0.0,2.5,0.6,30.0,40.0,106.67,100.0,1
19910111.0,368,54,35751.0,0,0,1,0,0,0,0,0,0,1,2,827.0,9.0,2,1,1911.0,50.0,46.0,0.2,16.5,75.0,0.75,28.0,0.0,2600.0,62.5,37.5,6.0,0.0,2.5,1.1,30.0,40.0,106.67,100.0,1
19910112.0,175,48,47201.0,1,0,1,0,0,1,2,0,2,1,0,802.0,7.0,0,2,1910.0,50.0,45.0,0.367,12.0,70.0,0.75,60.0,0.0,1650.0,60.2,39.8,1.5,0.0,3.0,1.0,40.0,40.0,103.22,100.0,0
19910114.0,132,15,37000.0,1,0,1,0,0,1,2,0,0,1,3,815.0,2.0,0,2,1911.0,65.0,43.0,0.333,16.0,75.0,1.0,32.0,22.7,1750.0,45.5,31.8,0.0,0.0,3.0,1.0,38.0,40.0,106.66,100.0,1
19910114.0,136,15,37000.0,1,0,1,0,0,1,2,0,0,1,3,815.0,9.0,0,2,1910.0,65.0,43.0,0.2,16.0,68.0,0.75,30.0,15.5,1750.0,48.5,35.9,0.0,0.0,3.0,1.0,38.0,40.0,106.6,100.0,1
19910111.0,326,35,35539.0,1,0,1,0,0,1,2,0,0,1,2,821.0,2.0,2,2,1911.0,50.0,50.0,0.367,14.0,80.0,0.75,40.0,10.5,1700.0,52.6,36.8,0.0,0.0,2.5,1.0,38.0,40.0,105.0,100.0,0
19910117.0,349,34,35539.0,1,0,1,0,0,1,2,0,0,1,2,821.0,7.0,2,2,1911.0,50.0,50.0,0.3,15.0,70.0,1.0,30.0,10.0,1600.0,50.0,40.0,0.0,0.0,2.8,1.0,38.0,40.0,106.66,100.0,0
19910125.0,378,29,23052.0,1,0,1,0,0,1,2,0,0,1,2,821.0,7.0,2,2,1911.0,40.0,45.0,0.3,14.5,70.0,0.625,25.0,0.0,1500.0,59.5,40.5,0.0,0.0,2.0,1.0,40.0,40.0,100.0,100.0,0
19910117.0,308,34,35539.0,1,0,1,0,0,1,2,0,0,1,2,821.0,2.0,2,2,1911.0,50.0,43.0,0.267,16.0,75.0,1.0,20.0,15.8,1600.0,49.5,34.7,0.0,0.0,2.5,1.0,38.0,40.0,103.22,100.0,1
19910103.0,31,48,47201.0,2,0,1,0,0,0,0,0,0,0,1,813.0,9.0,0,2,1911.0,45.0360824742268,45.0,0.233,15.0,87.0,1.0,30.907563025210084,0.0,1400.0,62.5,37.5,0.0,0.0,2.5,1.0,40.0,40.0,103.22,100.0,0
19910129.0,46,37,38064.0,0,0,1,0,0,0,0,0,0,0,1,813.0,5.0,0,0,1911.0,30.0,45.0,0.2,14.0,65.0,0.7243334970530452,30.907563025210084,0.0,1600.0,62.5,37.5,0.0,0.0,2.5,0.8,33.0,40.0,100.0,100.0,1
19910129.0,53,37,38064.0,0,0,1,0,0,0,0,0,0,0,1,813.0,1.0,0,0,1911.0,30.0,45.0,0.2,15.5,65.0,0.7243334970530452,30.907563025210084,5.9,1600.0,58.8,35.3,0.0,0.0,2.5,1.8,33.0,40.0,100.0,100.0,1
19910123.0,219,61,35521.0,1,0,1,0,0,1,2,0,0,1,1,813.0,5.0,0,0,1910.0,60.0,38.0,0.267,16.4,64.0,0.75,30.907563025210084,11.0,1400.0,54.9,34.1,0.0,0.0,2.5,1.0,32.0,40.0,103.22,100.0,1
19910123.0,69,61,35521.0,1,0,1,0,0,1,2,0,0,1,1,813.0,1.0,0,0,1911.0,60.0,38.0,0.333,16.5,66.0,0.75,30.907563025210084,6.7,1400.0,56.2,37.1,0.0,0.0,1.1,1.4,32.0,40.0,103.22,100.0,1
19910130.0,373,17,37571.0,0,0,1,0,0,0,0,0,1,0,2,824.0,2.0,2,0,1911.0,50.0,45.0,0.233,16.0,70.0,0.8125,30.0,0.0,2400.0,58.8,41.2,0.0,0.0,1.7,1.0,30.0,40.0,107.4,100.0,1
19910130.0,383,17,35751.0,0,0,1,0,0,0,0,0,1,1,2,824.0,9.0,2,0,1911.0,40.0,45.0,0.2,15.0,76.0,0.8125,30.0,0.0,2400.0,62.5,37.5,0.0,0.0,1.0,1.0,30.0,40.0,107.4,100.0,1
19910117.0,281,63,37340.0,0,0,1,0,0,0,0,0,0,1,2,824.0,2.0,2,0,1911.0,30.0,43.0,0.2,16.3,70.0,0.8125,25.0,1.2,2200.0,58.1,40.7,4.0,0.0,2.0,1.0,30.0,40.0,96.875,100.0,1
19910127.0,192,58,35816.0,0,0,1,0,0,0,0,0,0,1,2,827.0,2.0,1,0,1911.0,40.0,41.0,0.2,15.8,72.0,1.0,30.0,0.0,2000.0,62.5,37.5,0.0,0.0,2.5,1.0,30.0,40.0,107.4,100.0,0
19910131.0,23,43,37352.0,0,0,1,0,0,0,0,0,0,1,2,827.0,9.0,2,3,1911.0,40.0,42.0,0.2,14.5,74.0,1.0,25.0,8.0,2100.0,57.5,34.5,0.0,0.0,2.3,0.7,35.0,40.0,107.4,100.0,0
19910201.0,21,43,37352.0,0,0,1,0,0,0,0,0,0,1,2,827.0,9.0,2,3,1911.0,45.0,42.0,0.2,14.0,70.0,1.0,20.0,8.0,1850.0,57.5,34.5,0.0,0.0,2.0,0.7,35.0,40.0,107.4,100.0,0
19910130.0,18,43,37352.0,0,0,1,0,0,1,0,0,0,1,2,827.0,9.0,2,3,1911.0,50.0,45.0,0.3,15.0,76.0,1.0,30.0,8.0,2150.0,57.5,34.5,0.0,0.0,2.5,1.0,35.0,40.0,107.4,100.0,1
19910130.0,13,43,37352.0,0,0,1,0,0,1,0,0,0,1,2,827.0,2.0,2,3,1911.0,50.0,45.0,0.3,15.2,72.0,1.0,25.0,5.9,2150.0,58.8,35.3,0.0,0.0,2.5,1.0,35.0,40.0,107.4,100.0,1
19910201.0,311,64,37080.0,0,0,1,0,0,0,0,0,0,0,2,828.0,2.0,2,0,1911.0,35.0,42.0,0.27585742187499995,15.0,75.0,0.75,30.0,0.0,2100.0,58.8,41.2,0.0,0.0,2.0,0.8,30.0,40.0,107.4,100.0,0
19910118.0,313,4,37157.0,0,0,1,0,0,0,0,0,0,0,2,828.0,2.0,2,0,1910.0,30.0,45.0,0.233,17.0,70.0,0.75,35.0,0.0,2200.0,58.8,41.2,0.0,0.0,2.5,1.0,33.0,40.0,106.45,100.0,0
19910206.0,164,43,37352.0,0,0,1,0,0,1,0,0,0,1,3,815.0,2.0,2,2,1911.0,37.5,44.0,0.2,16.0,90.0,0.75,28.0,20.0,2050.0,45.0,35.0,0.0,0.0,2.4,0.8,35.0,40.0,107.4,100.0,1
19910206.0,159,43,37352.0,0,0,1,0,0,1,0,0,0,1,3,815.0,9.0,2,2,1911.0,37.5,44.0,0.2,16.5,91.0,0.75,30.0,21.7,2050.0,43.5,34.8,0.0,0.0,2.7,0.8,35.0,40.0,107.4,100.0,1
19910206.0,273,60,25507.0,1,0,1,0,0,1,2,0,0,1,2,821.0,2.0,2,5,1911.0,45.0,44.0,0.267,14.1,78.0,0.625,22.0,7.6,1510.0,54.3,38.0,0.0,0.0,2.5,0.7,34.0,40.0,114.28,100.0,1
19910206.0,379,60,25507.0,1,0,1,0,0,1,2,0,0,1,2,821.0,7.0,2,5,1910.0,40.0,44.0,0.2,14.0,69.0,0.625,20.0,8.5,1510.0,53.2,38.3,2.0,0.0,2.5,0.9,34.0,40.0,110.0,100.0,1
19910208.0,246,65,37080.0,0,0,1,0,0,0,0,0,0,0,2,828.0,2.0,2,5,1911.0,40.0,47.0,0.333,17.0,78.0,0.75,35.0,0.0,2400.0,58.8,41.2,4.0,0.0,2.5,1.0,30.0,40.0,100.0,100.0,0
19910211.0,168,2,27490.0,0,0,1,0,0,0,0,0,0,1,1,813.0,1.0,0,5,1911.0,30.0,42.0,0.2,15.4,64.0,0.875,30.907563025210084,0.0,1425.0,63.0,37.0,0.0,0.0,1.0,1.3,34.0,40.0,107.4,100.0,1
19910215.0,214,58,35811.0,0,0,1,0,0,0,0,0,0,1,3,815.0,2.0,1,0,1910.0,45.0,38.0,0.27585742187499995,15.0,80.0,0.625,30.0,7.0,1600.0,58.1,34.9,0.0,0.0,2.5,1.5,30.0,40.0,103.22,100.0,0
19910113.0,152,7,35334.0,1,0,1,0,0,1,2,0,0,1,3,816.0,2.0,2,5,1911.0,40.0,43.0,0.267,16.0,96.0,1.0,28.0,0.0,1500.0,58.8,41.2,2.0,0.0,3.0,0.8,40.0,40.0,103.12,100.0,1
19910213.0,157,7,35334.0,1,0,1,0,0,1,2,0,0,1,3,816.0,9.0,2,2,1911.0,32.5,43.0,0.2,15.0,82.0,1.0,31.0,7.6,1500.0,54.3,38.0,4.0,0.0,2.5,1.0,40.0,40.0,103.12,100.0,1
19910212.0,143,55,37869.0,0,0,1,0,0,1,0,0,0,1,3,815.0,9.0,0,2,1911.0,37.5,44.0,0.3,15.0,85.0,0.75,34.0,0.0,1400.0,62.5,37.5,0.0,0.0,2.8,1.0,28.0,40.0,103.12,100.0,1
19910212.0,141,55,37869.0,0,0,1,0,0,1,0,0,0,1,3,815.0,2.0,0,2,1910.0,35.0,44.0,0.3,16.0,80.0,1.0,32.0,7.0,1400.0,58.1,34.9,0.0,0.0,3.0,1.0,28.0,40.0,103.12,100.0,1
19910211.0,168,2,27490.0,0,0,1,0,0,0,0,0,0,1,1,813.0,1.0,0,2,1911.0,30.0,42.0,0.2,15.4,64.0,0.875,30.907563025210084,0.0,1425.0,61.7,38.3,0.0,0.0,1.0,1.3,34.0,40.0,107.4,100.0,1
19910214.0,312,54,35752.0,0,0,1,0,0,0,0,0,0,1,2,824.0,9.0,2,0,1910.0,50.0,43.0,0.2,16.0,82.0,0.875,30.0,0.0,2270.0,55.6,44.4,12.0,0.0,2.0,1.0,30.0,40.0,103.22,100.0,1
19910214.0,267,54,35752.0,0,0,1,0,0,0,0,0,0,1,2,824.0,2.0,2,0,1910.0,50.0,43.0,0.3,16.3,80.0,0.8125,30.0,0.0,2270.0,55.6,44.4,12.0,0.0,1.5,1.5,30.0,40.0,103.22,100.0,1
19910214.0,315,41,35794.0,0,0,1,0,0,1,0,0,0,1,2,827.0,2.0,2,2,1911.0,60.0,43.0,0.267,15.8,57.0,0.75,24.0,1.2,1480.0,58.1,40.7,0.0,0.0,1.4,1.7,33.0,40.0,103.12,100.0,1
19910214.0,274,41,35794.0,0,0,1,0,0,1,0,0,0,1,2,827.0,9.0,2,2,1911.0,52.5,43.0,0.233,16.6,58.0,0.75,20.0,7.9,1480.0,56.2,36.0,0.0,0.0,1.7,0.7,33.0,40.0,103.12,100.0,1
19910213.0,267,54,35752.0,0,0,1,0,0,0,0,0,0,1,2,824.0,2.0,2,5,1910.0,50.0,43.0,0.3,17.0,87.0,0.8125,35.0,0.0,2300.0,58.8,41.2,0.0,0.0,1.3,0.7,30.0,40.0,103.22,100.0,1
19910215.0,12,14,37441.0,0,0,1,0,0,0,0,0,0,1,2,821.0,2.0,2,0,1911.0,25.0,38.0,0.2,13.0,75.0,0.625,25.0,0.0,1600.0,57.5,42.5,0.0,0.0,2.5,0.85,30.0,40.0,103.12,100.0,1
19910215.0,16,14,37441.0,0,0,1,0,0,0,0,0,0,1,2,821.0,7.0,2,0,1911.0,25.0,38.0,0.233,14.0,70.0,0.625,25.0,0.0,1600.0,58.8,41.2,5.0,0.0,1.7,0.9,30.0,40.0,103.12,100.0,1
19910221.0,156,43,37354.0,0,0,1,0,0,1,2,0,0,1,3,816.0,9.0,2,3,1911.0,40.0,46.0,0.333,15.9,78.0,0.5,34.0,2.4,2000.0,61.0,36.6,0.0,0.0,2.4,1.3,35.0,40.0,103.22,100.0,1
19910223.0,344,6,35335.0,1,0,1,0,0,1,2,0,0,1,2,827.0,2.0,2,2,1911.0,45.0,41.0,0.333,17.0,78.0,0.75,16.0,14.1,1100.0,50.5,35.4,0.0,0.0,2.5,1.0,50.0,40.0,96.97,100.0,0
19910223.0,382,6,37335.0,1,0,1,0,0,1,2,0,0,1,2,827.0,2.0,2,2,1911.0,47.5,41.0,0.233,16.5,72.0,0.75,20.0,14.1,1300.0,50.5,35.4,4.0,0.0,2.5,1.0,50.0,40.0,96.97,100.0,0
19910220.0,263,59,35870.0,0,0,0,0,0,0,0,0,0,0,2,824.0,2.0,2,0,1910.0,40.0,46.0,0.2,15.0,68.0,0.75,28.0,0.0,1700.0,58.8,41.2,0.0,0.0,1.0,1.0,33.0,40.0,103.22,100.0,1
19910220.0,384,59,35870.0,0,0,0,0,0,0,0,0,0,0,2,824.0,9.0,2,0,1911.0,40.0,46.0,0.267,16.5,68.0,0.875,25.0,0.0,1700.0,58.8,41.2,0.0,0.0,1.0,1.0,33.0,40.0,103.125,100.0,1
19910216.0,204,58,35811.0,0,0,1,0,0,0,0,0,0,1,3,815.0,9.0,1,0,1911.0,40.0,35.0,0.233,18.0,85.0,0.625,30.0,0.0,2000.0,62.5,37.5,0.0,0.0,2.5,0.9,30.0,40.0,103.125,100.0,1
19910213.0,312,54,35752.0,0,0,1,0,0,0,0,0,0,1,2,824.0,9.0,2,0,1910.0,50.0,43.0,0.2,17.0,84.0,0.7243334970530452,35.0,0.0,2300.0,55.6,44.4,0.0,0.0,2.0,0.8,30.0,40.0,103.22,100.0,1
19910215.0,142,55,37869.0,0,0,1,0,0,1,0,0,0,1,0,802.0,7.0,0,2,1911.0,35.0,38.0,0.4,12.0,62.0,0.75,46.0,4.7,1400.0,58.8,36.5,0.0,0.0,2.0,1.0,28.0,40.0,103.125,100.0,1
19910215.0,144,55,37869.0,0,0,1,0,0,1,0,0,0,1,0,802.0,2.0,0,2,1911.0,35.0,38.0,0.433,16.0,70.0,0.75,50.0,0.0,1400.0,62.5,37.5,0.0,0.0,2.8,1.5,28.0,40.0,103.125,100.0,1
19910220.0,359,60,25509.0,1,0,1,0,0,1,2,0,0,1,2,821.0,7.0,2,2,1911.0,50.0,46.0,0.2,14.6,60.0,0.625,25.0,10.5,1750.0,52.6,36.8,2.0,0.0,2.4,0.8,28.0,40.0,96.97,100.0,0
19910304.0,11,43,37386.0,1,0,1,0,0,1,2,0,0,1,2,827.0,2.0,2,4,1910.0,40.0,47.0,0.333,24.5,78.0,0.875,30.0,8.8,2100.0,54.9,36.3,16.0,0.0,2.3,1.0,40.0,40.0,100.0,100.0,0
19910303.0,23,43,37386.0,1,0,1,0,0,1,2,0,0,0,2,827.0,9.0,2,4,1910.3646833013436,40.0,47.0,0.35,14.43,76.0,0.75,16.0,7.2,2000.0,51.5,41.2,1.0,0.0,2.7,1.4,40.0,40.0,100.0,100.0,0
19910301.0,17,43,37386.0,1,0,1,0,0,1,2,0,0,1,2,827.0,2.0,2,4,1910.0,40.0,39.0,0.233,15.0,77.0,0.75,20.0,9.4,2000.0,52.1,38.5,0.0,0.0,2.5,1.0,40.0,40.0,103.22,100.0,1
19910301.0,20,43,37386.0,1,0,1,0,0,1,2,0,0,1,2,827.0,9.0,2,4,1910.0,40.0,39.0,0.2,15.0,79.0,0.75,20.0,11.8,2000.0,49.0,39.2,0.0,0.0,2.5,1.0,40.0,40.0,103.22,100.0,1
19910309.0,22,43,37386.0,2,0,1,0,0,1,2,0,0,1,2,827.0,2.0,2,4,1911.0,45.0360824742268,43.0,0.267,14.2,68.0,0.75,18.0,0.0,2000.0,62.5,37.5,0.0,0.0,2.5,1.2,40.0,40.0,106.45,100.0,0
19910306.0,15,43,37386.0,2,0,1,0,0,1,2,0,0,1,2,827.0,2.0,2,4,1910.0,45.0360824742268,48.0,0.233,14.0,80.0,0.75,30.0,0.0,2000.0,62.5,37.5,0.0,0.0,2.40093808630394,0.987593984962406,40.0,40.0,109.67,100.0,0
19910311.0,22,43,27386.0,2,0,1,0,0,1,2,0,0,0,2,827.0,2.0,2,4,1911.0,45.0360824742268,40.0,0.267,16.4,72.0,1.0,26.0,0.0,2000.0,62.5,37.5,0.0,0.0,2.5,1.0,40.0,40.0,106.45,100.0,0
19910311.0,369,43,37386.0,1,0,1,0,0,1,2,0,0,1,2,824.0,9.0,2,4,1911.0,40.0,40.0,0.35,18.5,85.0,0.5625,30.0,0.0,1900.0,62.5,37.5,4.0,0.0,1.8,1.4,40.0,40.0,106.45,100.0,0
19910227.0,26,43,37254.0,0,0,1,0,0,1,0,0,0,1,2,821.0,7.0,2,5,1911.0,42.5,41.0,0.3,14.0,70.0,0.625,20.0,2.3,1750.0,57.5,40.0,4.0,0.0,2.5,0.7,35.0,40.0,96.97,100.0,1
19910302.0,306,23,35457.0,0,0,1,0,0,0,0,0,0,1,2,828.0,9.0,2,0,1910.0,35.0,39.0,0.2,16.2,84.0,1.0,30.0,0.0,2100.0,62.5,37.5,4.0,0.0,2.0,0.9,30.0,40.0,94.117,100.0,1
19910307.0,55,48,47202.0,0,0,1,0,0,0,2,0,0,1,1,813.0,9.0,0,2,1910.0,35.0,45.0,0.3,14.1,65.0,1.0,30.907563025210084,0.0,1500.0,59.5,40.5,0.0,0.0,2.6,1.0,40.0,40.0,109.67,100.0,1
19910308.0,233,48,47202.0,0,0,1,0,0,1,2,0,2,1,0,802.0,2.0,0,2,1910.0,50.0,43.0,0.333,14.02,68.0,0.75,56.0,7.4,1800.0,53.2,39.4,0.0,0.5,3.0,1.3,40.0,40.0,109.67,100.0,1
19910307.0,29,48,47202.0,0,0,1,0,0,1,2,0,0,1,3,816.0,2.0,0,2,1910.0,67.5,45.0,0.2,15.5,80.0,0.5,34.0,16.3,1683.0,43.5,40.2,6.0,0.0,2.5,1.0,40.0,40.0,109.67,100.0,1
19910310.0,339,4,37163.0,0,0,1,0,0,0,0,0,0,1,2,821.0,2.0,2,0,1910.0,55.0,37.0,0.267,16.0,75.0,0.625,20.0,5.6,1850.0,55.6,38.9,0.0,0.0,0.8,0.75,33.0,40.0,109.67,100.0,1
19910227.0,27,43,37354.0,0,0,1,0,0,1,0,0,0,1,2,821.0,2.0,2,5,1911.0,42.5,41.0,0.2,14.0,80.0,0.625,20.0,7.4,1750.0,53.2,39.4,0.0,0.0,2.1,0.9,35.0,40.0,96.97,100.0,1
19910307.0,75,48,47202.0,1,0,1,0,0,1,2,0,0,1,1,813.0,1.0,0,2,1910.0,52.5,45.0,0.2,15.3,72.0,0.75,30.907563025210084,12.4,1600.0,51.5,36.1,0.0,0.0,2.5,1.0,40.0,40.0,109.67,100.0,1
19910307.0,70,48,47202.0,0,0,1,0,0,0,2,0,0,1,1,813.0,10.0,0,2,1910.0,35.0,45.0,0.2,15.2,63.0,1.0,30.907563025210084,0.0,1500.0,59.5,40.5,0.0,0.0,2.3,0.9,40.0,40.0,109.67,100.0,1
19910307.0,79,48,47202.0,1,0,1,0,0,1,2,0,0,1,1,813.0,5.0,0,2,1910.0,52.5,45.0,0.233,16.0,68.0,0.75,30.907563025210084,0.0,1600.0,58.8,41.2,4.0,0.0,2.3,0.8,40.0,40.0,109.67,100.0,1
19910317.0,13,43,37355.0,0,0,1,0,0,1,0,0,0,1,3,816.0,9.0,2,5,1910.0,49.0,43.0,0.35,14.5,74.0,0.75,23.0,9.1,1900.0,56.8,34.1,2.0,0.0,0.7,0.2,35.0,40.0,103.22,100.0,0
19910314.0,79,48,47202.0,1,0,1,0,0,1,2,0,0,1,1,813.0,5.0,0,2,1910.0,52.5,37.0,0.233,14.0,73.0,0.75,30.907563025210084,9.6,1600.0,53.2,37.2,0.0,0.0,2.3,1.0,40.0,40.0,109.67,100.0,1
19910309.0,179,48,47202.0,1,0,1,0,0,1,2,0,0,1,1,813.0,9.0,0,2,1910.0,52.5,43.0,0.267,15.1,76.0,0.5,31.0,6.6,1650.0,54.9,38.5,0.0,0.0,2.5,1.5,40.0,40.0,109.67,100.0,1
19910316.0,282,43,37355.0,0,0,1,0,0,1,0,0,0,1,2,828.0,9.0,2,3,1910.0,40.0,44.0,0.2,16.1,78.0,0.9375,30.0,5.6,1800.0,55.6,38.9,0.0,0.0,2.0,1.0,35.0,40.0,103.22,100.0,1
19910314.0,75,48,47202.0,1,0,1,0,0,1,2,0,0,1,1,813.0,1.0,0,2,1910.3646833013436,52.5,37.0,0.2,15.0,66.0,0.75,30.907563025210084,13.3,1600.0,55.6,42.2,0.0,0.0,2.4,0.8,40.0,40.0,100.0,100.0,1
19910318.0,56,43,37355.0,0,0,1,0,0,1,0,0,0,1,2,827.0,2.0,2,5,1910.0,40.0,43.0,0.35,16.5,72.0,0.625,20.0,9.1,2000.0,56.8,34.1,4.0,0.0,2.5,0.5,35.0,40.0,103.22,100.0,1
19910318.0,83,43,37355.0,0,0,1,0,0,1,0,0,0,1,2,827.0,9.0,2,5,1910.0,40.0,43.0,0.35,16.1,70.0,0.625,20.0,11.1,2000.0,55.6,33.3,4.0,0.0,1.8,0.9,35.0,40.0,103.22,100.0,1
19910319.0,317,54,35753.0,0,0,1,0,0,0,0,0,0,1,2,824.0,9.0,2,0,1910.0,40.0,43.0,0.267,16.0,80.0,0.5625,30.0,5.6,1900.0,55.6,38.9,0.0,0.0,2.2,1.3,30.0,40.0,103.22,100.0,1
19910319.0,352,60,25513.0,1,0,1,0,0,1,2,0,0,1,2,821.0,7.0,2,2,1911.0,45.0,45.0,0.27585742187499995,14.7,75.0,0.625,30.0,15.0,1734.0,50.0,35.0,2.0,0.0,1.5,0.6,34.0,40.0,103.22,100.0,0
19910322.0,95,40,38051.0,0,0,1,0,0,1,0,0,0,1,3,816.0,2.0,2,5,1910.3646833013436,60.0,49.0,0.333,14.9,77.0,0.75,27.0,0.0,1650.0,58.8,41.2,0.0,0.0,2.5,0.7,33.0,40.0,103.33,100.0,1
19910325.0,372,60,25514.0,1,0,1,0,0,1,2,0,0,0,2,821.0,7.0,2,5,1910.0,55.0,49.0,0.267,12.5,70.0,0.625,30.0,5.6,1750.0,55.6,38.9,0.0,0.0,2.5,0.9,34.0,40.0,106.66,100.0,0
19910320.0,280,60,25513.0,1,0,1,0,0,1,2,0,0,1,2,821.0,2.0,2,5,1911.0,45.0,45.0,0.27585742187499995,15.1,75.0,0.625,20.0,15.0,1750.0,50.0,35.0,0.0,0.0,1.6,0.9,34.0,40.0,103.22,100.0,1
19910322.0,98,40,38051.0,0,0,1,0,0,1,0,0,0,1,3,816.0,9.0,2,5,1910.0,55.0,49.0,0.2,15.6,74.0,0.75,24.0,0.0,1650.0,58.8,41.2,0.0,0.0,2.5,1.7,33.0,40.0,103.33,100.0,1
19910323.0,324,43,37355.0,0,0,1,0,0,0,0,0,0,1,2,828.0,2.0,2,5,1911.0,40.0,49.0,0.233,15.3,74.0,1.0,34.0,0.0,2000.0,62.5,37.5,0.0,0.0,2.2,1.0,35.0,40.0,100.0,100.0,1
19910323.0,304,43,37355.0,0,0,1,0,0,0,0,0,0,1,2,828.0,9.0,2,5,1911.0,40.0,49.0,0.233,16.8,78.0,0.9375,30.0,0.0,2000.0,62.5,37.5,0.0,0.0,2.4,0.9,35.0,40.0,100.0,100.0,1
19910402.0,389,60,25515.0,1,0,1,0,0,1,2,0,0,1,2,821.0,7.0,2,2,1911.0,42.5,46.0,0.3,14.0,77.0,0.625,42.0,15.8,1850.0,49.5,34.6,8.0,0.0,1.5,0.8,34.0,40.0,100.0,100.0,0
19910404.0,391,64,37081.0,0,0,0,0,0,0,0,0,0,1,2,828.0,1.0,2,0,1911.0,35.0,44.0,0.2,15.5,100.0,0.875,30.0,0.0,2200.0,53.2,46.8,0.0,0.0,0.0,0.0,30.0,40.0,100.0,100.0,0
19910330.0,259,6,35534.0,1,0,1,0,0,1,2,0,0,0,2,827.0,2.0,2,2,1910.0,42.0,44.0,0.3,15.0,80.0,1.25,20.0,16.7,1300.0,49.0,34.3,0.0,0.0,2.5,0.2,40.0,40.0,110.0,100.0,1
19910330.0,386,6,35534.0,1,0,1,0,0,1,2,0,0,0,2,827.0,9.0,2,2,1910.0,45.0,44.0,0.3,15.5,75.0,1.25,20.0,14.1,1300.0,50.5,35.4,0.0,0.0,2.5,1.5,40.0,40.0,110.0,100.0,1
19910405.0,263,54,35754.0,0,0,1,0,0,0,0,0,0,1,2,824.0,2.0,2,0,1910.0,50.0,43.0,0.3,16.0,70.0,0.8125,30.0,3.4,2400.0,56.8,39.8,0.0,0.0,2.5,0.8,30.0,40.0,103.125,100.0,1
19910405.0,323,54,35754.0,0,0,1,0,0,0,0,0,0,1,2,824.0,9.0,2,0,1910.0,47.0,43.0,0.267,16.0,80.0,0.5625,30.0,9.1,2400.0,50.5,40.4,0.0,0.0,2.5,1.1,30.0,40.0,103.125,100.0,1
19910327.0,336,18,37572.0,0,0,1,0,0,0,0,0,0,1,2,824.0,2.0,2,0,1911.0,35.0,48.0,0.233,16.0,76.0,0.8125,30.0,8.9,1900.0,49.5,41.6,0.0,0.0,2.5,1.2,30.0,40.0,103.22,100.0,1
19910327.0,358,18,37572.0,0,0,1,0,0,0,0,0,0,1,2,824.0,9.0,2,0,1911.0,35.0,48.0,0.233,16.0,86.0,0.5625,30.0,16.1,1900.0,44.6,39.3,0.0,0.0,2.5,1.5,30.0,40.0,103.22,100.0,1
19910402.0,189,58,35814.0,0,0,1,0,0,1,0,0,0,1,2,827.0,2.0,1,0,1911.0,35.0,43.0,0.233,14.0,75.0,1.25,20.0,7.6,1823.359168241966,54.3,38.0,0.0,0.0,2.5,2.0,33.0,40.0,106.66,100.0,1
19910402.0,1,58,35814.0,0,0,1,0,0,1,0,0,0,1,2,827.0,9.0,1,0,1911.0,37.5,43.0,0.233,14.0,80.0,1.25,20.0,6.25,1823.359168241966,52.1,41.7,0.0,0.0,3.0,1.5,33.0,40.0,106.66,100.0,1
19910406.0,30,8,37822.0,0,0,1,0,0,1,0,0,0,1,1,813.0,1.0,0,2,1910.0,40.0,44.0,0.2,15.0,68.0,0.75,30.907563025210084,0.0,1750.0,58.8,41.2,0.0,0.0,2.7,0.7,35.0,40.0,103.125,100.0,1
19910406.0,218,8,37822.0,0,0,1,0,0,1,0,0,0,1,1,813.0,5.0,0,2,1910.0,40.0,44.0,0.233,15.5,68.0,0.75,30.907563025210084,5.6,1750.0,55.6,38.9,0.0,0.0,1.5,0.5,35.0,40.0,103.125,100.0,1
19910511.0,196,58,35816.0,0,0,1,0,0,0,0,0,0,1,2,827.0,2.0,1,0,1910.0,47.5,68.0,0.4,14.0,78.0,0.75,22.0,0.0,1900.0,62.5,37.5,0.0,0.0,2.1,1.7,33.0,40.0,103.125,100.0,0
19910501.0,112,23,35458.0,0,0,1,0,0,0,0,0,0,0,3,816.0,2.0,2,0,1910.0,40.0,60.0,0.233,15.0,78.0,1.0,28.0,0.0,2380.0,60.0,40.0,3.0,0.0,2.5,1.0,30.0,40.0,106.66,100.0,0
19910502.0,65,48,47203.0,1,0,1,0,0,0,0,0,0,0,1,813.0,9.0,0,2,1910.0,55.0,55.0,0.3,16.3,100.0,1.0,30.907563025210084,0.0,1650.0,58.8,41.2,0.0,0.0,2.40093808630394,0.987593984962406,40.0,40.0,106.66,100.0,0
19910502.0,198,58,35816.0,0,0,1,0,0,0,0,0,0,1,3,815.0,2.0,1,0,1910.0,40.0,55.0,0.433,15.5,92.0,0.75,22.0,9.6,1550.0,53.2,37.2,1.0,0.0,2.9,1.3,33.0,40.0,106.66,100.0,0
19910503.0,198,58,35816.0,0,0,1,0,0,0,0,0,0,1,3,815.0,2.0,1,0,1910.0,40.0,52.0,0.27585742187499995,16.0,86.0,0.75,26.0,9.6,1975.0,53.2,37.2,1.0,0.0,2.9,1.3,33.0,40.0,100.0,100.0,0
19910503.0,300,29,23055.0,1,0,1,0,0,1,1,0,0,1,2,821.0,7.0,2,5,1910.0,42.5,52.0,0.4,13.9,76.0,0.625,25.0,0.0,1800.0,50.0,50.0,0.0,0.0,2.5,0.9,40.0,40.0,106.66,100.0,0
19910507.0,378,60,25520.0,1,0,1,0,0,1,2,0,0,1,2,821.0,7.0,2,0,1910.0,50.0,56.0,0.267,15.2,76.0,0.625,25.0,3.4,1760.0,56.8,39.8,2.0,0.0,2.5,0.8,34.0,40.0,103.125,100.0,0
19910508.0,355,60,25520.0,1,0,1,0,0,1,2,0,0,1,2,821.0,7.0,2,2,1910.0,45.0,57.0,0.267,14.0,76.0,0.75,20.0,3.4,1800.0,56.2,40.4,2.0,0.0,2.0,0.8,34.0,40.0,103.125,100.0,0
19910517.0,285,59,35982.0,0,0,0,0,0,0,0,0,0,0,2,824.0,2.0,2,0,1910.0,47.0,67.0,0.4,16.0,74.0,0.8125,38.0,0.0,1900.0,58.8,41.2,2.0,0.0,2.5,1.1,33.0,40.0,103.125,100.0,1
19910517.0,339,59,35872.0,0,0,0,0,0,0,0,0,0,1,2,824.0,9.0,2,0,1910.0,47.0,67.0,0.333,16.0,82.0,0.5625,30.0,1.5,1900.0,50.5,34.3,0.0,0.0,2.5,1.1,33.0,40.0,103.125,100.0,1
19910505.0,173,48,47203.0,1,0,1,0,0,1,2,0,0,1,1,813.0,5.0,0,2,1910.0,50.0,52.0,0.3,17.0,69.0,0.75,30.907563025210084,0.0,1700.0,58.8,41.2,0.0,0.0,2.2,0.9,40.0,40.0,106.66,100.0,1
19910507.0,237,48,47203.0,1,0,1,0,0,1,2,0,0,0,0,802.0,7.0,0,2,1910.0,50.0,55.0,0.233,13.34,74.0,0.625,30.907563025210084,4.8,1635.0,59.5,35.7,1.0,0.0,3.0,2.0,40.0,40.0,100.0,100.0,1
19910507.0,180,48,47203.0,1,0,1,0,0,1,2,0,0,0,0,802.0,2.0,0,2,1910.0,50.0,55.0,0.233,13.86,70.0,0.625,47.0,10.2,1635.0,51.0,38.8,0.0,0.0,3.0,1.0,40.0,40.0,100.0,100.0,1
19910505.0,14,48,47203.0,1,0,1,0,0,1,2,0,0,1,1,813.0,1.0,0,2,1910.0,50.0,52.0,0.267,15.6,71.0,0.75,30.907563025210084,20.6,1700.0,46.7,32.7,0.0,0.0,2.5,0.6,40.0,40.0,106.66,100.0,1
19910409.0,90,4,37168.0,0,0,1,0,0,0,0,0,0,1,3,815.0,2.0,2,0,1911.0,30.0,63.0,0.3,13.0,94.0,1.0,29.0,0.0,1800.0,56.2,43.8,0.0,0.0,2.5,1.0,30.0,40.0,110.0,100.0,0
19910415.0,91,63,37333.0,0,0,1,0,0,0,0,0,0,1,3,815.0,2.0,2,0,1911.0,50.0,60.0,0.267,13.6,86.0,1.125,28.0,0.0,1500.0,64.1,35.9,0.0,0.0,2.5,1.0,33.0,40.0,106.45,100.0,0
19910416.0,327,60,25517.0,1,0,1,0,0,1,2,0,0,0,2,821.0,7.0,2,2,1911.0,55.0,53.0,0.3,14.2,72.0,0.625,25.0,22.7,1750.0,45.5,31.8,1.0,0.0,2.4,0.9,34.0,40.0,103.125,100.0,0
19910426.0,125,63,37333.0,0,0,1,0,0,0,0,0,0,0,3,815.0,2.0,2,0,1910.0,35.0,56.0,0.3,15.3,80.0,0.75,20.0,0.0,1900.0,76.9,23.1,0.0,0.0,2.5,1.25,33.0,40.0,106.66,100.0,0
19910426.0,375,31,37994.0,1,0,1,0,0,1,2,0,0,0,2,821.0,7.0,2,2,1911.0,55.0,56.0,0.233,15.0,84.0,0.625,25.0,16.7,1850.0,52.1,31.3,4.0,0.0,2.0,0.6,34.0,40.0,103.125,100.0,0
19910422.0,366,60,25513.0,1,0,1,0,0,1,2,0,0,0,2,821.0,7.0,2,2,1910.0,55.0,49.0,0.2,15.0,78.0,0.625,20.0,17.1,1900.0,47.6,35.2,0.0,0.0,2.5,0.85,34.0,40.0,106.45,100.0,0
19910426.0,242,48,47203.0,1,0,1,0,0,1,2,0,0,1,0,802.0,2.0,0,2,1910.0,50.0,50.0,0.2,15.7,90.0,0.75,50.0,0.0,1420.0,62.5,37.5,0.0,0.0,3.0,1.35,40.0,40.0,106.45,100.0,1
19910426.0,37,48,47203.0,1,0,1,0,0,1,2,0,0,1,0,802.0,7.0,0,2,1910.0,50.0,50.0,0.2,15.5,74.0,0.75,58.0,4.8,1420.0,59.5,35.7,3.0,0.0,3.0,1.0,40.0,40.0,106.45,100.0,1
19910428.0,392,59,35871.0,0,0,0,0,0,0,0,0,0,1,2,824.0,9.0,2,0,1911.0,35.0,56.0,0.233,16.0,82.0,0.5625,28.0,5.6,2100.0,56.2,38.2,0.0,0.0,1.7,0.4,30.0,40.0,103.125,100.0,1
19910428.0,292,59,35871.0,0,0,0,0,0,0,0,0,0,1,2,824.0,2.0,2,0,1911.0,35.0,56.0,0.2,15.0,80.0,0.8125,40.0,8.6,2100.0,53.8,37.6,8.0,0.0,1.7,1.0,30.0,40.0,100.0,100.0,1
19910419.0,294,4,37169.0,0,0,1,0,0,0,0,0,0,1,2,824.0,2.0,2,0,1911.0,40.0,50.0,0.2,16.0,68.0,0.8125,30.0,0.0,2400.0,58.8,41.2,8.0,0.0,2.5,1.5,33.0,40.0,103.125,100.0,1
19910419.0,275,4,47169.0,0,0,1,0,0,0,0,0,0,1,2,824.0,9.0,2,0,1911.0,40.0,50.0,0.233,16.0,70.0,0.5625,30.0,0.0,2400.0,58.8,41.2,8.0,0.0,1.5,0.5,33.0,40.0,103.125,100.0,1
19910415.0,28,43,32360.0,0,0,1,0,0,1,0,0,0,1,2,827.0,2.0,2,5,1910.0,45.0360824742268,59.0,0.233,14.2,80.0,1.0,20.0,5.6,1823.359168241966,55.6,38.9,0.0,0.0,2.0,2.5,33.0,40.0,106.45,100.0,1
19910415.0,24,43,32360.0,0,0,1,0,0,1,0,0,0,1,2,827.0,9.0,2,5,1911.0,37.5,59.0,0.233,16.0,75.0,0.75,20.0,4.3,1823.359168241966,54.3,41.3,0.0,0.0,2.5,1.5,33.0,40.0,106.45,100.0,1
19910409.0,82,8,37822.0,0,0,1,0,0,1,0,0,0,1,3,816.0,9.0,0,2,1911.0,40.0,54.0,0.2,15.8,76.0,0.5,38.0,5.6,1736.0,55.6,38.9,0.0,0.0,2.5,1.5,35.0,40.0,103.125,100.0,1
19910409.0,71,8,37822.0,0,0,1,0,0,1,1,0,0,1,3,816.0,2.0,0,2,1911.0,40.0,54.0,0.2,15.4,78.0,0.5,34.0,5.7,1736.0,56.8,36.9,0.0,0.0,2.5,1.1,35.0,40.0,103.125,100.0,1
19910426.0,272,31,37994.0,1,0,1,0,0,1,2,0,0,0,2,821.0,2.0,2,2,1911.0,55.0,45.0,0.267,15.5,79.0,0.625,20.0,16.7,1850.0,54.3,34.3,4.0,0.0,2.5,1.0,34.0,40.0,100.0,100.0,1
19910430.0,264,60,25519.0,1,0,1,0,0,1,2,0,0,0,2,821.0,7.0,2,2,1910.0,52.0,64.0,0.4,15.5,82.0,0.625,30.0,0.0,1800.0,71.4,28.6,4.0,0.0,2.5,0.9,34.0,40.0,103.125,100.0,0
19910423.0,106,23,35458.0,0,0,1,0,0,0,0,0,0,0,3,816.0,9.0,2,0,1910.0,40.0,56.0,0.233,16.5,79.0,0.5,28.0,0.0,2300.0,60.2,39.8,0.0,0.0,2.5,1.5,30.0,40.0,106.45,100.0,0
19910605.0,262,23,35460.0,0,0,1,0,0,0,0,0,0,1,2,824.0,2.0,2,0,1910.0,45.0,54.0,0.333,15.5,76.0,0.8125,30.0,5.6,2250.0,55.6,38.9,2.0,0.0,2.5,1.3,30.0,40.0,106.45,100.0,1
19910604.0,379,43,37365.0,0,0,1,0,0,1,0,0,0,1,2,828.0,2.0,2,3,1910.0,47.5,68.0,0.4,16.0,80.0,0.75,30.0,0.0,2250.0,58.8,41.2,0.0,0.0,1.5,1.0,35.0,40.0,106.45,100.0,1
19910604.0,322,43,37365.0,0,0,1,0,0,1,0,0,0,1,2,828.0,9.0,2,3,1910.0,47.5,68.0,0.35,16.0,80.0,0.75,30.0,0.0,2250.0,52.1,47.9,0.0,0.0,1.5,0.75,35.0,40.0,106.45,100.0,1
19910605.0,260,23,35460.0,0,0,1,0,0,0,0,0,0,1,2,824.0,9.0,2,0,1910.0,45.0,54.0,0.367,15.5,74.0,0.5625,40.0,10.5,2250.0,52.6,36.8,2.0,0.0,2.5,1.8,30.0,40.0,106.45,100.0,1
19910603.0,19,43,37365.0,0,0,1,0,0,1,0,0,0,0,2,827.0,2.0,2,0,1911.0,37.5,70.0,0.333,14.9,64.0,0.75,28.0,3.4,1500.0,57.5,39.1,0.0,0.0,2.5,1.0,40.0,40.0,106.89,100.0,1
19910603.0,25,43,37365.0,0,0,1,0,0,1,0,0,0,1,2,827.0,9.0,2,0,1911.0,37.5,70.0,0.4,15.0,65.0,0.75,25.0,5.4,1500.0,54.3,40.2,0.0,0.0,2.3,0.9,40.0,40.0,106.66,100.0,1
19910529.0,337,63,37338.0,0,0,1,0,0,0,0,0,0,1,2,824.0,2.0,2,0,1911.0,47.5,60.0,0.4,14.5,74.0,0.8125,20.0,8.6,1600.0,53.8,37.6,0.0,0.0,2.0,1.5,35.0,40.0,110.0,100.0,1
19910524.0,278,54,37758.0,0,0,1,2,0,0,0,0,0,1,2,828.0,9.0,2,0,1910.0,40.0,62.0,0.3,16.0,84.0,0.9375,28.0,0.0,2200.0,58.8,41.2,4.0,0.0,2.5,0.6,30.0,40.0,106.45,100.0,1
19910524.0,311,54,35758.0,0,0,1,0,0,0,0,0,0,1,2,828.0,2.0,2,0,1910.0,40.0,62.0,0.267,16.0,84.0,0.9375,32.0,0.0,2200.0,58.8,41.2,4.0,0.0,1.4,1.0,30.0,40.0,106.45,100.0,1
19910430.0,106,23,35458.0,0,0,1,0,0,0,0,0,0,1,3,816.0,9.0,2,0,1910.0,40.0,64.0,0.2,15.5,85.0,1.0,26.0,0.0,2400.0,58.8,41.2,0.0,0.0,2.5,1.0,30.0,40.0,103.125,100.0,1
19910430.0,112,23,35458.0,0,0,1,0,0,0,0,0,0,1,3,816.0,2.0,2,0,1910.0,40.0,64.0,0.233,15.0,82.0,0.75,31.0,0.0,2400.0,60.0,40.0,3.0,0.0,2.5,1.0,30.0,40.0,106.66,100.0,1
19910531.0,173,48,47203.0,1,0,1,0,0,1,2,0,0,0,0,802.0,7.0,0,2,1910.0,50.0,69.0,0.367,17.0,82.0,0.75,50.0,0.0,1700.0,62.5,37.5,0.0,0.0,3.0,1.0,40.0,40.0,106.45,100.0,0
19910529.0,333,63,37338.0,0,0,1,0,0,0,0,0,0,0,2,824.0,9.0,2,0,1911.0,50.0,60.0,0.4,16.0,76.0,0.5625,28.0,5.6,1600.0,55.6,38.9,0.0,0.0,1.0,0.5,35.0,40.0,110.0,100.0,1
19910524.0,159,36,37915.0,0,0,1,0,0,0,0,0,0,1,3,815.0,2.0,2,5,1910.0,50.0,62.0,0.4,15.4,98.0,0.75,25.0,10.6,1750.0,48.1,41.3,0.0,0.0,2.8,1.3,33.0,40.0,110.0,100.0,1
19910524.0,162,36,37915.0,0,0,1,0,0,0,0,0,0,1,3,815.0,9.0,2,5,1911.0,50.0,62.0,0.4,14.9,96.0,0.75,26.0,11.0,1950.0,50.0,39.0,0.0,0.0,2.8,0.8,33.0,40.0,110.0,100.0,1
19910528.0,70,48,47203.0,1,0,1,0,0,1,2,0,0,1,1,813.0,1.0,0,2,1910.0,50.0,68.0,0.367,13.4,70.0,0.7243334970530452,30.907563025210084,20.4,1700.0,46.3,33.3,0.0,0.0,2.5,1.0,40.0,40.0,106.45,100.0,0
19910604.0,397,43,37305.0,0,0,1,0,0,1,0,0,0,1,3,815.0,9.0,2,3,1911.0,35.0,68.0,0.4,15.1,90.0,0.875,30.0,6.0,1500.0,59.5,34.5,1.0,0.0,2.5,1.0,35.0,40.0,106.89,100.0,0
19910610.0,89,63,37501.0,0,0,1,0,0,0,0,0,0,1,3,816.0,2.0,2,5,1910.0,45.0360824742268,56.0,0.3,16.02,84.0,0.25,30.0,5.3,2244.0,52.6,42.1,5.0,0.0,3.0,0.8,30.0,40.0,110.0,100.0,1
19910610.0,109,63,37501.0,0,0,1,0,0,0,0,0,0,1,3,816.0,9.0,2,5,1910.3646833013436,32.5,56.0,0.367,15.03,79.0,0.3125,28.0,5.3,2244.0,52.6,42.1,0.0,0.0,1.8,0.5,30.0,40.0,106.45,100.0,1
19910611.0,336,4,37177.0,0,0,1,0,0,0,0,0,0,1,2,828.0,2.0,2,0,1910.0,40.0,56.0,0.3,17.0,82.0,0.75,30.0,0.0,2550.0,52.6,47.4,0.0,0.0,2.0,1.0,33.0,40.0,103.22,100.0,1
19910611.0,387,63,37177.0,0,0,1,0,0,0,0,0,0,1,2,828.0,9.0,2,0,1910.0,30.0,56.0,0.283,17.0,72.0,0.75,30.0,0.0,2550.0,52.6,47.4,0.0,0.0,2.0,1.0,33.0,40.0,103.22,100.0,1
19910614.0,122,63,37501.0,0,0,1,0,0,0,0,0,0,1,3,815.0,2.0,2,0,1910.0,30.0,69.0,0.3,16.0,98.0,0.75,35.0,0.0,2050.0,62.5,37.5,0.0,0.0,2.75,1.0,33.0,40.0,100.0,100.0,1
19910614.0,279,54,35759.0,0,0,1,0,0,0,0,0,0,1,2,827.0,2.0,2,0,1910.0,45.0,69.0,0.267,15.6,72.0,0.75,21.0,5.6,2426.0,55.6,38.9,0.0,0.0,2.85,1.1,30.0,40.0,103.22,100.0,1
19910614.0,376,54,37579.0,0,0,1,0,0,0,0,0,0,1,2,827.0,9.0,2,0,1910.0,45.0,69.0,0.267,16.1,76.0,0.75,22.0,5.6,2426.0,55.6,38.9,0.0,0.0,2.7,0.7,30.0,40.0,103.22,100.0,1
19910614.0,120,63,37501.0,0,0,1,0,0,0,0,0,0,0,3,815.0,9.0,2,0,1910.0,32.5,69.0,0.2,15.5,94.0,0.75,30.0,0.5,2050.0,52.6,42.1,0.0,0.0,2.5,1.0,33.0,40.0,100.0,100.0,1
19910627.0,381,63,37502.0,0,0,1,0,0,0,0,0,0,0,2,824.0,2.0,2,0,1910.0,45.0360824742268,66.0,0.2,15.0,82.0,0.8125,30.0,7.0,1900.0,58.1,34.9,5.0,0.0,2.5,0.9,30.0,40.0,103.125,100.0,0
19910626.0,137,46,37938.0,1,0,1,0,0,1,2,0,0,0,3,816.0,9.0,0,2,1910.0,45.0,65.0,0.3,16.3,78.0,0.75,32.0,3.4,1700.0,56.8,39.8,4.0,0.0,2.5,1.0,34.0,40.0,106.45,100.0,0
19910622.0,202,57,35528.0,1,0,1,0,0,1,2,0,0,1,3,816.0,2.0,1,2,1910.0,40.0,68.0,0.3,14.0,88.0,0.75,32.0,0.0,1742.0,60.0,40.0,3.0,0.0,2.5,1.0,40.0,40.0,103.125,100.0,0
19910619.0,359,63,37199.0,0,0,1,0,0,1,0,0,0,1,2,824.0,9.0,2,0,1910.0,40.0,64.0,0.2,16.5,82.0,0.5625,30.0,2.3,1900.0,57.5,40.2,0.0,0.0,1.3,0.8,30.0,40.0,106.45,100.0,0
19910618.0,146,15,37003.0,1,0,1,0,0,1,1,0,0,1,3,815.0,2.0,0,2,1910.0,40.0,65.0,0.267,16.2,79.0,0.625,30.0,0.0,1500.0,62.5,37.5,4.0,0.0,2.5,1.0,38.0,40.0,106.45,100.0,0
19910617.0,222,32,37990.0,1,0,1,0,0,1,2,0,0,1,1,813.0,1.0,0,2,1910.0,50.0,66.0,0.233,16.0,87.0,1.0,30.907563025210084,11.1,1530.0,55.6,33.3,0.0,0.0,2.5,1.0,34.0,40.0,100.0,100.0,0
19910609.0,399,43,37365.0,0,0,1,0,0,1,0,0,0,1,3,815.0,9.0,2,2,1911.0,35.0,62.0,0.4,14.5,94.0,1.0,35.0,0.0,1900.0,63.3,36.7,0.0,0.0,2.5,1.0,35.0,40.0,106.89,100.0,0
19910609.0,303,23,35460.0,0,0,1,0,0,0,0,0,0,0,2,824.0,2.0,2,0,1910.0,40.0,62.0,0.27585742187499995,16.0,80.0,0.8125,40.0,0.0,2250.0,62.5,37.5,0.0,0.0,2.5,0.7,30.0,40.0,110.0,100.0,0
19910607.0,3,43,37365.0,0,0,1,0,0,1,0,0,0,1,2,827.0,9.0,2,2,1910.0,42.5,58.0,0.4,15.0,76.0,1.0,20.0,5.4,2000.0,54.3,40.2,0.0,0.0,2.5,1.0,35.0,40.0,103.33,100.0,0
19910707.0,174,48,47204.0,1,0,1,0,0,0,0,0,0,1,1,813.0,9.0,0,2,1910.0,50.0,64.0,0.233,18.0,64.0,1.0,30.907563025210084,0.0,1300.0,62.5,37.5,0.0,0.0,3.0,1.0,40.0,40.0,106.45,100.0,0
19910707.0,50,48,47204.0,1,0,1,0,0,0,0,0,0,1,1,813.0,10.0,0,5,1910.0,50.0,64.0,0.2,16.0,86.0,0.75,30.907563025210084,0.0,1300.0,58.8,41.1,0.0,0.0,2.5,1.0,40.0,40.0,106.45,100.0,0
19910629.0,149,46,37938.0,1,0,1,0,0,1,2,0,0,1,3,816.0,2.0,0,0,1910.0,60.0,66.0,0.2,14.5,85.0,0.25,30.907563025210084,0.0,1823.359168241966,62.2,37.8,0.0,0.0,2.5,1.0,34.0,40.0,106.45,100.0,0
19910706.0,329,63,37505.0,0,0,1,0,0,0,0,0,0,0,2,824.0,9.0,2,0,1910.0,40.0,64.0,0.233,15.4,88.0,0.5625,24.0,4.4,1835.0,55.5,40.0,2.0,0.0,2.0,1.3,30.0,40.0,106.45,100.0,1
19910706.0,370,63,37505.0,0,0,1,0,0,0,0,0,0,0,2,824.0,2.0,2,0,1910.0,40.0,64.0,0.2,16.0,76.0,0.8125,23.0,4.8,1835.0,59.5,35.7,3.0,0.0,2.0,0.7,30.0,40.0,106.45,100.0,1
19900514.0,81,48,47103.0,1,0,1,0,0,1,2,0,0,1,3,816.0,9.0,0,2,1910.0,47.5,63.0,0.3,16.4,84.0,0.5,27.0,20.7,1800.0,41.3,38.0,5.0,0.0,2.6,0.3,40.0,33.0,96.7,100.0,0
19900509.0,47,48,47103.0,1,0,1,0,0,1,2,0,2,1,3,816.0,9.0,0,2,1910.0,50.0,50.0,0.3,14.5,84.0,0.25,24.0,20.7,1500.0,41.3,38.0,0.0,0.0,3.0,0.6,40.0,33.0,103.3,100.0,0
19900511.0,170,48,47103.0,1,0,1,0,0,1,2,0,0,1,1,813.0,1.0,0,2,1910.0,50.0,48.0,0.233,13.0,80.0,1.0,30.907563025210084,18.9,1700.0,47.2,34.0,0.0,0.0,2.7,0.6,40.0,33.0,100.0,100.0,0
19900518.0,135,5,34402.0,1,0,1,0,0,1,2,0,2,1,3,815.0,9.0,0,2,1911.0,52.0,54.0,0.5,16.0,82.0,0.875,22.0,15.8,900.0,49.5,34.7,0.0,0.0,2.5,1.0,50.0,40.0,96.7,100.0,0
19900414.0,190,58,34545.0,0,0,1,0,0,0,0,0,0,0,2,827.0,2.0,1,0,1910.0,40.0,41.0,0.233,14.0,79.0,0.75,20.0,0.0,1530.0,61.7,38.3,5.0,0.0,3.1,1.8,33.0,33.0,96.9,100.0,1
19900418.0,163,63,36053.0,0,0,1,0,0,0,0,0,0,1,3,815.0,9.0,2,0,1910.0,45.0,42.0,0.233,15.0,76.0,0.75,30.0,0.0,2220.0,58.8,41.2,0.0,0.0,2.5,1.0,30.0,35.0,100.0,100.0,1
19900418.0,156,63,36053.0,0,0,1,0,0,0,0,0,0,1,3,815.0,2.0,2,0,1910.0,45.0,42.0,0.233,16.0,84.0,0.625,28.0,0.0,2220.0,54.3,45.7,0.0,0.0,2.5,1.0,30.0,35.0,100.0,100.0,1
19900606.0,59,49,36859.0,1,0,1,0,0,1,2,0,0,1,0,802.0,7.0,0,2,1911.0,55.0,54.0,0.267,15.0,70.0,0.625,60.0,3.4,1600.0,56.8,39.8,0.0,0.0,1.0,0.4,45.0,40.0,103.3,100.0,1
19900606.0,72,49,36859.0,1,0,1,0,0,1,1,0,0,0,0,802.0,2.0,0,2,1911.0,57.5,54.0,0.267,15.5,80.0,0.625,55.0,0.0,1600.0,62.5,37.5,0.0,0.0,3.0,0.5,45.0,40.0,103.3,100.0,1
19900507.0,185,48,47103.0,0,0,1,0,0,0,0,0,0,1,1,813.0,9.0,0,2,1910.0,40.0,54.0,0.233,15.59,89.0,1.0,30.907563025210084,1.2,1700.0,58.1,40.7,0.0,0.0,2.5,0.6,40.0,33.0,103.3,100.0,1
19900409.0,102,23,34683.0,0,0,1,0,0,0,0,0,0,1,3,815.0,2.0,2,2,1910.0,40.0,38.0,0.3,16.0,92.0,0.625,25.0,1.1,1900.0,53.8,45.2,0.0,0.0,2.5,1.0,30.0,33.0,100.0,100.0,1
19900524.0,44,39,36648.0,0,0,1,0,0,1,0,0,0,1,3,815.0,1.0,0,0,1911.0,50.0,60.0,0.3,14.0,75.0,0.625,33.0,0.0,2000.0,65.2,34.8,0.0,0.0,0.0,0.0,35.0,40.0,96.9,100.0,0
19900425.0,104,10,34664.0,1,0,1,0,0,1,2,0,2,1,3,816.0,9.0,2,2,1910.0,45.0,49.0,0.2,16.0,72.0,0.375,38.0,15.0,1650.0,50.0,35.0,0.0,0.0,2.5,0.2,38.0,33.0,96.9,100.0,0
19900418.0,58,25,36858.0,1,0,1,0,0,1,2,0,0,1,1,813.0,5.0,0,2,1910.0,60.0,43.0,0.367,15.0,94.0,1.0,30.907563025210084,9.5,1500.0,52.6,37.9,0.0,4.0,2.5,1.0,40.0,35.0,100.0,100.0,0
19900409.0,290,60,25416.0,1,0,1,0,0,1,2,0,0,0,2,821.0,7.0,2,2,1911.0,47.5,41.0,0.333,18.0,74.0,0.5,30.0,17.7,1900.0,44.2,38.1,2.0,0.0,2.5,1.0,40.0,33.0,100.0,100.0,0
19900417.0,236,25,36858.0,1,0,1,0,0,1,2,0,0,1,0,802.0,2.0,0,2,1910.0,47.5,52.0,0.267,14.3,98.0,0.75,55.0,11.7,1600.0,53.2,35.1,0.0,0.0,3.0,1.0,40.0,33.0,100.0,100.0,0
19900606.0,212,58,34546.0,0,0,1,0,0,0,0,0,0,1,3,816.0,9.0,1,0,1911.0,37.5,54.0,0.3,14.5,80.0,1.0,20.0,10.9,2400.0,54.3,34.8,0.0,0.0,2.5,0.4,30.0,40.0,103.3,100.0,1
19900606.0,199,58,34546.0,0,0,1,0,0,0,0,0,0,1,3,816.0,2.0,1,0,1911.0,52.5,54.0,0.267,14.6,82.0,0.7243334970530452,32.0,10.5,2400.0,52.6,36.8,0.0,0.0,2.5,0.5,30.0,40.0,100.0,100.0,1
19900517.0,338,63,36054.0,0,0,1,0,0,0,0,0,0,1,2,827.0,2.0,2,0,1910.0,45.0,55.0,0.3,15.0,75.0,0.75,25.0,0.0,2300.0,59.8,40.2,0.0,0.0,2.0,2.3,30.0,33.0,96.6,100.0,1
19900426.0,194,58,34545.0,0,0,1,0,0,1,0,0,0,0,2,827.0,9.0,2,0,1910.0,40.0,48.0,0.3,15.0,82.0,1.0,35.0,0.0,1720.0,59.3,40.7,0.0,0.0,1.5,1.5,32.0,33.0,100.0,100.0,1
19900426.0,187,58,34545.0,0,0,1,0,0,1,0,0,0,0,2,827.0,2.0,2,0,1910.0,40.0,48.0,0.333,15.0,75.0,1.0,30.0,0.0,1720.0,61.7,38.3,0.0,0.0,2.5,3.0,33.0,33.0,103.2,100.0,1
19900505.0,230,48,47103.0,1,0,1,0,0,1,2,0,0,0,0,802.0,7.0,0,2,1910.0,50.0,52.0,0.2,14.0,80.0,0.75,60.0,4.4,1700.0,54.9,40.7,0.0,0.0,2.5,1.0,40.0,33.0,100.0,100.0,0
19900507.0,170,48,47103.0,1,0,1,0,0,1,2,0,0,1,1,813.0,1.0,0,2,1910.0,55.0,54.0,0.233,13.23,79.0,1.0,30.907563025210084,18.9,1700.0,47.2,34.0,0.0,0.0,2.0,0.6,40.0,33.0,100.0,100.0,1
19900507.0,243,48,47103.0,0,0,1,0,0,0,0,0,0,1,1,813.0,10.0,0,2,1910.0,40.0,54.0,0.267,14.42,87.0,1.0,30.907563025210084,4.5,1700.0,56.2,39.3,0.0,0.0,2.5,1.0,40.0,33.0,96.8,100.0,1
19900507.0,244,48,47103.0,1,0,1,0,0,1,2,0,0,1,0,802.0,2.0,0,2,1910.0,72.5,54.0,0.2,14.5,82.0,0.75,50.0,2.2,1900.0,56.7,41.6,0.0,0.0,3.0,0.9,40.0,33.0,100.0,100.0,1
19900507.0,178,48,47103.0,1,0,1,0,0,1,2,0,0,1,1,813.0,5.0,0,2,1910.0,47.5,54.0,0.2,16.08,69.0,1.0,30.907563025210084,3.3,1700.0,55.5,41.1,0.0,0.0,2.5,0.9,40.0,30.0,103.3,100.0,1
19900510.0,80,48,47103.0,1,0,1,0,0,1,2,0,0,1,3,816.0,2.0,0,2,1910.0,60.0,50.0,0.3,15.0,72.0,0.75,30.0,15.9,1700.0,44.2,39.8,1.0,0.0,3.0,0.5,40.0,33.0,100.0,100.0,0
19900517.0,364,59,34752.0,0,0,0,0,0,0,0,1,0,1,2,824.0,9.0,2,0,1910.0,50.0,48.0,0.333,15.8,70.0,0.7243334970530452,30.0,0.0,1900.0,58.8,41.2,5.0,0.0,2.5,1.2,30.0,33.0,100.0,100.0,1
19900517.0,351,59,34752.0,0,0,0,0,0,0,0,0,0,1,2,824.0,2.0,2,2,1910.0,50.0,48.0,0.233,15.5,68.0,0.8125,30.0,0.0,1900.0,57.4,42.6,10.0,0.0,1.5,1.0,30.0,33.0,100.0,100.0,1
19900507.0,181,38,36928.0,0,0,1,0,0,0,0,0,0,1,3,815.0,9.0,0,0,1910.0,40.0,54.0,0.233,15.0,80.0,0.75,28.0,0.0,1800.0,58.8,41.2,0.0,0.0,2.5,1.2,30.0,33.0,100.0,100.0,1
19900507.0,169,38,36928.0,0,0,1,0,0,0,0,0,0,1,3,815.0,2.0,0,0,1910.0,40.0,54.0,0.3,15.0,88.0,0.75,28.0,0.0,1800.0,58.8,41.2,0.0,0.0,2.5,1.2,30.0,33.0,100.0,100.0,1
19900606.0,271,60,25424.0,1,0,1,0,0,1,2,0,0,0,2,821.0,7.0,2,2,1911.0,40.0,54.0,0.333,14.1,80.0,0.7243334970530452,20.0,24.8,1850.0,41.3,33.9,3.0,0.0,2.5,0.8,40.0,40.0,103.3,100.0,1
19900603.0,79,50,36859.0,1,1,1,0,0,1,1,0,0,0,0,802.0,2.0,0,2,1910.3646833013436,50.0,65.0,0.27585742187499995,17.0,100.0,0.625,52.0,5.6,1650.0,55.5,38.9,0.0,0.0,3.0,0.6,45.0,39.056390977443606,103.03279135338346,100.0,0
19900617.0,367,32,34093.0,1,0,1,0,0,1,1,0,0,0,2,821.0,7.0,2,2,1910.0,52.5,62.0,0.433,14.5,95.0,0.75,20.0,0.0,1950.0,58.8,41.2,0.0,0.0,2.0,1.0,38.0,35.0,100.0,100.0,0
19900602.0,73,49,36859.0,1,0,1,0,0,1,2,0,0,0,0,802.0,2.0,0,2,1910.0,50.0,56.0,0.2,14.3,105.0,0.75,70.0,0.0,1600.0,55.5,44.5,0.0,0.0,3.0,1.0,45.0,35.0,100.0,100.0,0
19900608.0,41,39,36649.0,0,0,1,0,0,0,0,0,0,2,1,813.0,6.0,0,3,1911.0,47.5,62.0,0.333,15.0,84.0,0.7243334970530452,30.907563025210084,5.6,1823.359168241966,56.2,38.2,0.0,0.0,2.5,1.0,35.0,40.0,96.7,100.0,1
19900608.0,87,39,36649.0,0,0,1,0,0,0,0,0,0,2,1,813.0,1.0,0,3,1911.0,47.5,62.0,0.27585742187499995,15.0,80.0,0.7243334970530452,30.907563025210084,5.6,1823.359168241966,56.2,38.2,0.0,0.0,2.5,1.0,35.0,40.0,96.9,100.0,1
19900615.0,200,58,34547.0,0,0,1,0,0,0,0,0,0,1,3,815.0,9.0,1,0,1910.0,30.0,58.0,0.433,15.9,81.0,0.625,30.0,0.0,2150.0,62.5,37.5,10.0,0.0,2.5,1.0,30.0,35.0,90.0,100.0,1
19900615.0,206,58,34547.0,0,0,1,0,0,0,0,0,0,1,3,815.0,2.0,1,0,1910.0,30.0,58.0,0.333,16.3,78.0,0.625,30.0,0.0,2150.0,58.8,41.2,10.0,0.0,2.5,1.0,30.0,35.0,90.0,100.0,1
19900612.0,343,63,36894.0,0,0,1,0,0,0,0,0,0,1,2,824.0,2.0,2,0,1910.0,30.0,51.0,0.3,16.0,70.0,0.8125,20.0,0.0,2250.0,58.8,41.2,0.0,0.0,1.5,0.6,30.0,35.0,103.3,100.0,1
19900612.0,341,63,36894.0,0,0,1,0,0,0,0,1,0,1,2,824.0,9.0,2,0,1910.0,30.0,51.0,0.333,16.0,76.0,0.875,25.0,19.1,2250.0,42.7,38.2,3.0,0.0,1.2,0.5,30.0,35.0,103.3,100.0,1
19900615.0,390,63,36057.0,0,0,1,0,0,0,0,0,0,1,2,827.0,9.0,2,0,1910.0,30.0,58.0,0.467,15.0,98.0,0.75,30.0,0.0,2300.0,58.8,41.2,6.0,0.0,2.25,1.0,30.0,35.0,100.0,100.0,1
19900615.0,395,63,36057.0,0,0,1,0,0,0,0,0,0,1,2,827.0,2.0,2,0,1910.0,30.0,58.0,0.467,15.0,96.0,0.75,30.0,0.0,2300.0,58.8,41.2,6.0,0.0,3.0,0.75,30.0,35.0,100.0,100.0,1
19900606.0,96,16,36024.0,1,0,1,0,0,0,2,0,0,0,3,815.0,9.0,2,0,1910.0,52.5,54.0,0.433,16.3,90.0,0.75,38.0,0.0,1800.0,62.5,38.5,0.0,0.0,2.9,1.1,33.0,35.0,100.0,100.0,1
19900606.0,92,16,36024.0,1,0,1,0,0,0,2,0,0,0,3,815.0,2.0,2,0,1910.0,55.5,54.0,0.233,15.0,82.0,0.75,38.0,0.0,1800.0,58.8,41.2,0.0,0.0,2.0,1.0,33.0,35.0,100.0,100.0,1
19900606.0,365,60,25424.0,1,1,1,0,0,1,2,0,2,1,2,821.0,2.0,2,2,1910.3646833013436,40.0,54.0,0.27585742187499995,14.6,85.0,0.7243334970530452,20.0,21.7,1850.0,43.5,34.8,0.0,0.0,2.5,0.8,40.0,39.056390977443606,103.03279135338346,100.0,1
19900614.0,9,21,34397.0,1,0,1,0,0,1,2,0,0,1,1,813.0,1.0,0,6,1910.0,50.0,53.0,0.3,16.0,65.0,0.75,30.907563025210084,15.8,1300.0,49.5,34.7,0.0,0.0,2.5,1.0,28.0,35.0,93.5,100.0,1
19900614.0,86,21,34397.0,1,0,1,0,0,1,2,0,0,1,1,813.0,6.0,0,6,1910.0,50.0,53.0,0.3,16.5,90.0,0.75,30.907563025210084,11.3,1300.0,51.5,37.1,0.0,0.0,2.5,0.7,28.0,35.0,100.0,100.0,1
19900621.0,128,27,36846.0,1,0,1,0,0,1,1,0,0,1,0,802.0,7.0,0,2,1910.0,50.0,59.0,0.367,13.0,92.0,0.625,49.0,0.0,1300.0,58.8,41.2,0.0,0.0,3.0,1.1,40.0,35.0,100.0,100.0,0
19900622.0,36,13,38025.0,1,0,1,0,0,1,2,0,0,0,3,815.0,9.0,0,2,1910.0,57.5,55.0,0.333,14.0,86.0,0.75,30.0,13.0,1700.0,50.0,37.0,0.0,0.0,2.9,0.9,34.0,35.0,100.0,100.0,1
19900622.0,223,13,38025.0,1,0,1,0,0,1,2,0,0,0,3,815.0,2.0,0,2,1910.0,55.0,55.0,0.3,13.0,86.0,0.75,28.0,13.7,1700.0,49.0,37.3,0.0,0.0,3.0,0.8,34.0,35.0,100.0,100.0,1
19900611.0,49,11,36874.0,2,1,1,0,0,0,0,0,0,1,3,815.0,9.0,0,0,1910.3646833013436,45.0360824742268,60.0,0.27585742187499995,15.5,80.0,0.7243334970530452,30.0,13.0,1750.0,54.3,32.6,0.0,0.0,2.75,1.0,33.0,39.056390977443606,103.03279135338346,100.0,1
19900611.0,40,11,37874.0,2,1,1,0,0,0,0,0,0,1,3,815.0,2.0,0,0,1910.3646833013436,45.0360824742268,60.0,0.27585742187499995,15.0,78.0,0.625,34.0,15.0,1750.0,50.0,35.0,0.0,0.0,2.5,1.0,33.0,39.056390977443606,103.03279135338346,100.0,1
19900622.0,85,15,36911.0,1,0,1,0,0,1,1,0,0,0,1,813.0,6.0,0,2,1910.0,50.0,59.0,0.4,15.0,90.0,0.75,30.907563025210084,0.0,1500.0,58.8,41.2,0.0,0.0,2.5,1.0,40.0,35.0,100.0,100.0,0
19900626.0,394,60,25427.0,1,0,1,0,0,1,2,0,0,0,2,821.0,7.0,2,2,1910.0,55.0,49.0,0.233,15.6,80.0,1.0,30.0,35.8,1950.0,41.7,22.5,1.0,0.0,2.7,1.0,40.0,37.0,100.0,100.0,0
19900625.0,168,51,34092.0,1,0,1,0,0,1,2,0,0,1,3,815.0,2.0,0,5,1910.0,65.0,49.0,0.333,13.5,82.0,0.625,30.0,0.0,1350.0,68.2,31.8,1.0,0.0,2.5,1.0,38.0,37.0,103.2,100.0,0
19900622.0,139,28,36846.0,0,0,1,0,0,1,2,0,0,0,0,802.0,2.0,0,2,1910.0,65.0,65.0,0.4,14.0,100.0,0.75,40.0,7.0,1200.0,58.1,34.9,0.0,0.0,2.5,1.0,40.0,35.0,100.0,100.0,0
19900625.0,262,63,36058.0,0,0,1,0,0,0,0,0,0,2,2,824.0,6.0,2,0,1911.0,50.0,58.0,0.3,16.0,78.53903345724908,0.875,24.0,0.0,2200.0,58.8,41.2,0.0,0.0,1.2,0.6,30.0,42.0,93.75,100.0,1
19900625.0,182,51,34092.0,1,0,1,0,0,1,2,0,0,0,3,815.0,9.0,0,5,1910.0,65.0,58.0,0.4,15.0,74.0,0.625,32.0,0.0,1800.0,57.5,42.5,1.0,0.0,2.5,1.0,38.0,37.0,103.2,100.0,0
19900625.0,308,63,36058.0,0,0,1,0,0,0,0,0,0,2,2,824.0,2.0,2,0,1911.0,50.0,58.0,0.333,15.5,75.0,0.8125,24.0,0.0,2200.0,58.8,41.2,0.0,0.0,1.5,0.6,30.0,42.0,100.0,100.0,1
19900702.0,160,66,34367.0,1,0,1,0,0,1,2,0,0,1,3,816.0,9.0,2,2,1911.0,62.5,47.0,0.167,17.0,75.0,0.75,30.0,14.3,1700.0,47.6,38.1,0.0,0.0,3.0,0.5,40.0,40.0,96.9,100.0,0
19900706.0,270,4,34583.0,0,0,1,0,0,0,0,0,0,1,2,827.0,9.0,2,0,1911.0,40.0,47.0,0.2,15.0,75.0,0.75,25.0,0.0,2100.0,61.1,38.9,0.0,0.0,2.4,1.1,33.0,40.0,96.9,100.0,1
19900705.0,276,60,25428.0,1,0,1,0,0,1,2,0,0,1,2,821.0,2.0,2,2,1911.0,45.0,47.0,0.2,14.0,80.0,0.75,20.0,18.0,1800.0,45.0,37.0,0.0,0.0,2.5,0.8,40.0,40.0,96.9,100.0,1
19900330.0,356,29,23040.0,1,1,1,0,0,1,2,0,0,0,2,821.0,7.0,2,5,1910.3646833013436,50.0,59.0,0.333,14.5,71.0,0.625,20.0,11.1,1650.0,55.5,33.3,0.0,0.0,2.5,1.0,40.0,39.056390977443606,103.03279135338346,100.0,0
19900707.0,231,46,36784.0,1,0,1,0,0,1,2,0,0,1,3,815.0,2.0,0,2,1910.0,60.0,58.0,0.333,15.1,93.0,1.0,25.0,0.0,1650.0,56.1,33.9,0.0,0.0,2.5,1.0,40.0,35.0,100.0,100.0,0
19900708.0,62,46,36784.0,1,0,1,0,0,1,2,0,0,0,3,815.0,2.0,0,2,1910.0,50.0,58.0,0.367,13.5,100.0,0.75,35.0,0.0,1750.0,55.5,44.5,3.0,0.0,2.7,0.5,40.0,35.0,100.0,100.0,0
19900710.0,8,48,47104.0,1,0,1,0,0,1,2,0,0,1,0,802.0,2.0,0,2,1910.0,40.0,56.0,0.3,16.5,80.0,0.7243334970530452,45.0,20.3,1400.0,44.2,35.5,0.0,0.0,3.0,0.6,40.0,35.0,100.0,100.0,1
19900710.0,172,48,47104.0,1,0,1,0,0,1,2,0,0,1,0,802.0,7.0,0,2,1911.0,30.0,56.0,0.433,16.0,70.0,0.7243334970530452,60.0,21.8,1400.0,45.4,32.8,0.0,0.0,3.0,0.9,40.0,40.0,96.8,100.0,1
19900710.0,229,46,36784.0,1,0,1,0,0,1,2,0,2,1,3,815.0,9.0,0,2,1910.0,37.5,56.0,0.3,14.0,82.0,0.625,28.0,0.0,1700.0,58.8,41.2,2.0,0.0,2.5,0.5,40.0,35.0,100.0,100.0,1
19900710.0,177,48,47104.0,1,0,1,0,0,1,2,0,2,1,1,813.0,5.0,0,2,1911.0,50.0,56.0,0.333,14.6,74.0,0.75,30.907563025210084,7.5,1400.0,53.8,38.7,0.0,4.0,2.4,0.8,40.0,40.0,96.8,100.0,1
19900710.0,66,48,47104.0,1,0,1,0,0,1,2,0,2,1,1,813.0,1.0,0,2,1911.0,57.5,56.0,0.5,13.8,73.0,0.75,30.907563025210084,4.4,1400.0,52.7,42.9,0.0,0.0,2.0,0.5,40.0,40.0,96.8,100.0,1
19900706.0,309,4,34583.0,0,0,1,0,0,0,0,0,0,1,2,827.0,2.0,2,0,1911.0,45.0,55.0,0.2,14.0,73.0,0.75,30.0,0.0,2100.0,61.1,38.9,0.0,0.0,2.5,0.8,33.0,40.0,96.8,100.0,0
19900710.0,322,36,34714.0,0,0,1,0,0,0,0,0,0,1,2,824.0,9.0,2,0,1911.0,30.0,56.0,0.2,14.7,87.0,0.875,20.0,0.0,2150.0,58.8,41.2,12.0,0.0,1.5,0.6,30.0,40.0,96.8,100.0,1
19900710.0,297,36,34714.0,0,0,1,0,0,0,0,0,0,1,2,824.0,2.0,2,0,1910.0,40.0,56.0,0.333,15.3,86.0,0.8125,32.0,0.0,2150.0,58.8,41.2,12.0,0.0,2.2,0.8,30.0,35.0,100.0,100.0,1
19900710.0,7,48,47104.0,1,0,1,0,0,0,0,0,0,1,1,813.0,10.0,0,2,1911.0,55.0,56.0,0.4,15.0,87.0,0.75,30.907563025210084,0.0,1250.0,62.5,37.5,0.0,0.0,2.5,1.0,40.0,40.0,96.8,100.0,1
19900710.0,232,48,47104.0,1,0,1,0,0,0,0,0,0,1,1,813.0,9.0,0,2,1911.0,55.0,56.0,0.4,15.0,93.0,0.75,30.907563025210084,0.0,1250.0,62.5,37.5,0.0,0.0,2.5,1.0,40.0,40.0,96.8,100.0,1
19900726.0,245,53,36644.0,1,0,1,0,0,1,2,0,2,0,3,816.0,2.0,0,2,1911.0,60.0,56.0,0.3,16.0,87.0,0.625,26.0,10.5,1450.0,50.5,39.0,3.0,0.0,3.0,1.3,40.0,40.0,93.75,100.0,0
19900727.0,49,53,36644.0,1,0,1,0,0,1,2,0,0,0,0,802.0,2.0,0,2,1910.0,60.0,53.0,0.3,18.0,103.0,0.625,50.0,22.1,1600.0,41.0,36.9,0.0,0.0,3.0,0.7,40.0,35.0,105.2,100.0,1
19900726.0,51,53,36644.0,1,0,1,0,0,1,2,0,0,0,0,802.0,7.0,0,2,1910.0,57.5,53.0,0.367,14.5,70.0,0.625,58.0,20.2,1600.0,42.0,37.8,3.0,0.0,3.0,1.0,40.0,35.0,105.2,100.0,1
19900723.0,52,61,35683.0,1,0,1,0,0,1,2,0,0,0,0,802.0,7.0,0,2,1911.0,62.5,61.0,0.3,14.0,85.0,0.75,50.0,3.5,1660.0,56.8,39.7,2.0,0.0,3.0,1.0,32.0,40.0,93.75,100.0,1
19900723.0,54,61,35683.0,1,0,1,0,0,1,2,0,0,0,0,802.0,2.0,0,2,1910.0,65.0,61.0,0.367,14.8,80.0,0.375,45.0,19.5,1660.0,42.4,38.1,0.0,0.0,3.0,1.0,32.0,35.0,105.2,100.0,1
19900723.0,296,24,34685.0,0,0,1,0,0,0,0,0,0,1,2,828.0,2.0,2,0,1911.0,50.0,61.0,0.267,14.2,88.0,1.0,29.0,0.0,2350.0,52.6,47.4,1.3193581780538302,0.0,2.5,1.1,30.0,40.0,93.75,100.0,1
19900723.0,356,24,34685.0,0,0,1,0,0,0,0,0,0,1,2,828.0,10.0,2,0,1910.0,50.0,61.0,0.333,13.0,72.0,1.0,41.0,0.0,2350.0,58.8,41.2,1.3193581780538302,0.0,2.0,1.0,30.0,35.0,105.2,100.0,1
19900723.0,325,54,34894.0,0,0,1,0,0,0,0,0,0,0,2,821.0,2.0,2,0,1910.0,45.0,61.0,0.4,14.0,78.0,0.75,20.0,25.6,2100.0,42.7,31.7,0.0,0.0,2.5,0.8,30.0,35.0,105.2,100.0,1
19900723.0,301,54,34894.0,0,0,1,0,0,0,0,0,0,1,2,821.0,7.0,2,0,1910.0,50.0,61.0,0.333,13.1,70.0,0.75,25.0,21.7,2100.0,41.7,36.6,5.0,0.0,2.5,0.8,30.0,35.0,105.2,100.0,1
19900620.0,195,58,34547.0,0,0,1,0,0,0,0,0,0,2,2,827.0,2.0,1,0,1910.0,32.5,54.0,0.267,15.5,78.0,1.0,25.0,0.0,1900.0,58.8,41.2,10.0,0.0,2.5,0.5,30.0,35.0,93.3,100.0,1
19900620.0,188,58,34547.0,0,0,1,0,0,0,0,0,0,2,2,827.0,9.0,1,0,1910.0,32.5,54.0,0.5,15.5,78.0,1.0,25.0,0.0,1900.0,58.8,41.2,10.0,0.0,1.4,0.8,30.0,35.0,103.2,100.0,1
19900719.0,357,63,36066.0,0,0,1,0,0,0,0,0,0,1,2,827.0,9.0,2,0,1911.0,40.0,54.0,0.2,15.0,72.0,0.75,35.0,0.0,2500.0,58.5,41.5,0.0,0.0,2.1,1.1,30.0,40.0,100.0,100.0,1
19900719.0,383,63,36066.0,0,0,1,0,0,0,0,0,0,1,2,827.0,2.0,2,0,1911.0,40.0,54.0,0.367,15.0,78.0,0.75,20.0,0.0,2500.0,61.1,38.9,0.0,0.0,2.5,0.7,30.0,40.0,100.0,100.0,1
19900718.0,346,63,36066.0,0,0,1,0,0,0,0,0,0,1,2,824.0,9.0,2,0,1910.0,45.0,54.0,0.2,15.0,80.0,0.8125,20.0,0.0,2000.0,58.8,41.2,0.0,0.0,1.5,0.6,33.0,35.0,111.1,100.0,1
19900806.0,155,62,34493.0,2,0,1,0,0,0,2,0,0,0,3,816.0,9.0,2,5,1910.0,45.0360824742268,51.0,0.167,16.0,75.0,0.5,30.0,0.0,1800.0,58.8,41.2,0.0,0.0,2.1,1.0,30.0,35.0,100.0,100.0,0
19900730.0,277,54,34896.0,0,0,1,0,0,0,0,0,0,1,2,828.0,2.0,2,2,1910.0,40.0,54.0,0.4,15.2,88.0,0.875,30.907563025210084,5.9,2300.0,49.5,44.6,8.0,0.0,2.5,1.0,33.0,35.0,111.1,100.0,1
19900730.0,307,54,34896.0,0,0,1,0,0,0,0,0,0,1,2,828.0,9.0,2,2,1910.0,40.0,54.0,0.333,14.7,90.0,0.875,30.907563025210084,0.0,2300.0,52.6,47.4,4.0,0.0,3.0,1.1,33.0,35.0,111.1,100.0,1
19900730.0,34,21,23050.0,1,0,1,0,0,1,2,0,0,1,3,816.0,2.0,0,2,1910.0,57.5,54.0,0.367,16.2,79.0,0.5,23.0,19.0,1500.0,47.6,33.4,5.0,0.0,3.0,1.0,32.0,35.0,93.3,100.0,1
19900727.0,84,53,36644.0,1,0,1,0,0,1,2,0,0,0,0,802.0,2.0,0,2,1910.0,60.0,53.0,0.333,16.5,88.0,0.75,55.0,22.1,1550.0,41.0,36.9,0.0,0.0,3.0,0.8,40.0,35.0,105.1,100.0,1
19900730.0,64,21,23050.0,1,0,1,0,0,1,2,0,0,1,3,816.0,9.0,0,2,1910.0,55.0,54.0,0.3,15.8,79.0,0.5,30.0,12.4,1500.0,51.5,36.1,0.0,0.0,3.0,0.5,32.0,35.0,93.3,100.0,1
19900727.0,62,53,36644.0,1,0,1,0,0,1,2,0,0,0,0,802.0,7.0,0,2,1910.0,60.0,53.0,0.3,14.7,70.0,0.75,50.0,20.2,1550.0,42.0,37.8,3.0,0.0,3.0,1.0,40.0,35.0,111.1,100.0,1
19900801.0,150,63,36882.0,0,0,1,0,0,0,0,0,0,1,3,816.0,2.0,2,0,1910.0,45.0,53.0,0.3,15.2,78.0,1.0,30.907563025210084,13.3,2150.0,51.0,35.7,2.0,0.0,2.5,1.1,30.0,35.0,111.1,100.0,1
19900811.0,154,63,36882.0,0,0,1,0,0,0,0,0,0,1,3,816.0,9.0,2,0,1910.0,35.0,53.0,0.267,14.7,80.0,1.0,30.907563025210084,5.5,2150.0,55.6,38.9,0.0,0.0,2.5,0.4,30.0,35.0,111.1,100.0,1
19900804.0,161,62,34483.0,0,0,1,0,0,0,2,0,0,1,3,816.0,2.0,2,5,1910.0,35.0,55.0,0.5,15.0,70.0,0.5,32.0,0.0,1950.0,58.8,41.2,0.0,0.0,2.5,1.3,30.0,35.0,100.0,100.0,0
19900805.0,161,62,34493.0,0,0,1,0,0,0,0,0,0,0,3,816.0,2.0,2,5,1910.0,35.0,55.0,0.233,15.0,70.0,0.5,35.0,0.0,2000.0,58.8,41.2,0.0,0.0,2.5,1.5,30.0,35.0,100.0,100.0,0
19900811.0,155,62,34493.0,2,0,1,0,0,0,2,0,0,0,3,816.0,9.0,2,2,1910.0,45.0360824742268,54.0,0.333,17.0,94.0,0.25,26.0,0.0,1900.0,56.8,43.2,0.0,0.0,2.5,0.9,30.0,35.0,100.0,100.0,1
19900811.0,158,62,34493.0,0,0,1,0,0,0,2,0,0,0,3,816.0,2.0,2,2,1911.0,45.0360824742268,54.0,0.2,14.0,80.0,0.3125,34.0,3.4,1900.0,56.8,39.8,0.0,0.0,2.5,1.3,30.0,40.0,106.7,100.0,1
19900807.0,318,4,34585.0,0,0,1,2,0,0,0,0,0,1,2,828.0,2.0,2,0,1910.0,30.0,50.0,0.2,15.6,84.0,1.0,30.907563025210084,0.0,2400.0,58.8,41.2,4.0,0.0,2.5,0.9,33.0,35.0,96.8,100.0,1
19900807.0,360,4,34585.0,0,0,1,2,0,0,0,0,0,1,2,828.0,9.0,2,0,1910.0,30.0,50.0,0.333,15.8,92.0,1.0,30.907563025210084,0.0,2400.0,58.5,41.2,2.0,0.0,3.0,1.4,33.0,35.0,96.8,100.0,1
19900810.0,253,57,36776.0,1,0,1,0,0,1,2,0,2,1,0,802.0,7.0,0,2,1910.0,45.0,50.0,0.2,14.5,70.0,0.75,42.0,5.3,1700.0,52.6,42.1,0.0,0.0,3.0,0.8,40.0,45.0,100.0,100.0,1
19900810.0,252,57,36776.0,1,0,1,0,0,1,2,0,2,1,0,802.0,2.0,1,2,1910.0,40.0,50.0,0.267,13.5,75.0,0.75,45.0,0.0,1700.0,58.8,41.2,0.0,0.0,3.0,0.6,40.0,35.0,100.0,100.0,1
19900809.0,323,60,25433.0,1,0,1,0,0,1,2,0,0,1,2,821.0,7.0,2,2,1910.0,50.0,50.0,0.2,16.2,75.0,0.75,25.0,3.3,1850.0,54.9,41.8,2.0,0.0,2.7,0.9,40.0,35.0,100.0,100.0,1
19900813.0,78,22,38016.0,1,0,1,0,0,1,2,0,0,0,0,802.0,7.0,0,6,1910.0,45.0,54.0,0.333,14.8,70.0,0.75,50.0,13.0,1420.0,54.3,32.6,0.0,0.0,3.0,0.9,28.0,35.0,106.9,100.0,1
19900813.0,166,22,38016.0,1,0,1,0,0,1,2,0,0,0,0,802.0,2.0,0,6,1910.0,45.0,54.0,0.233,14.3,67.0,0.75,45.0,12.3,1420.0,51.5,36.1,0.0,0.0,3.0,0.6,28.0,35.0,106.9,100.0,1
19900812.0,199,58,34549.0,0,0,1,0,0,0,0,0,0,0,3,815.0,2.0,1,0,1911.0,45.0,54.0,0.267,14.0,90.0,0.75,30.0,0.0,2000.0,58.8,41.2,0.0,0.0,3.0,1.0,33.0,40.0,103.3,100.0,1
19900812.0,347,47,34175.0,0,0,1,0,0,0,0,0,0,0,2,821.0,7.0,2,5,1910.0,30.0,54.0,0.233,15.8,68.0,0.75,25.0,6.4,2000.0,53.2,40.4,4.0,0.0,2.3,0.8,35.0,35.0,106.9,100.0,1
19900813.0,320,62,34493.0,0,0,1,0,0,0,0,0,0,1,2,824.0,9.0,2,5,1910.0,30.0,54.0,0.5,13.6,70.0,0.8125,30.0,0.0,2000.0,58.8,41.2,0.0,0.0,2.3,0.9,30.0,35.0,100.0,100.0,1
19900812.0,310,47,34175.0,0,0,1,0,0,0,0,0,0,1,2,821.0,2.0,2,5,1910.0,30.0,54.0,0.333,16.8,71.0,0.75,25.0,18.0,2000.0,45.0,36.9,0.0,0.0,2.5,0.9,35.0,35.0,106.9,100.0,1
19900813.0,283,62,34493.0,0,0,1,0,0,0,0,0,0,1,2,824.0,2.0,2,5,1910.0,30.0,54.0,0.167,14.6,70.0,0.8125,30.0,0.0,2000.0,58.8,41.2,0.0,0.0,1.5,0.6,30.0,35.0,106.9,100.0,1
19900814.0,203,58,34549.0,0,0,1,0,0,0,0,0,0,1,3,816.0,9.0,1,0,1910.0,45.0,54.0,0.167,18.0,90.0,0.5,26.0,8.3,1875.0,52.1,39.6,0.0,0.0,3.0,1.0,33.0,35.0,106.9,100.0,1
19900812.0,204,58,34549.0,0,0,1,0,0,0,0,0,0,1,3,815.0,9.0,1,0,1910.0,45.0,54.0,0.367,15.0,100.0,0.75,33.0,2.3,2000.0,56.8,40.9,0.0,0.0,2.75,0.9,33.0,35.0,106.9,100.0,1
19900819.0,45,22,38016.0,1,0,1,0,0,1,2,0,0,1,1,813.0,1.0,0,5,1910.0,45.0,56.0,0.3,15.5,78.0,0.75,30.907563025210084,11.1,1350.0,55.5,33.3,0.0,0.0,2.2,0.9,28.0,35.0,100.0,100.0,1
19900819.0,63,22,38016.0,1,0,1,0,0,1,2,0,0,1,1,813.0,5.0,0,5,1911.0,45.0,56.0,0.233,16.0,64.0,0.75,30.907563025210084,11.1,1350.0,55.5,33.3,0.0,0.0,2.5,0.5,28.0,40.0,103.3,100.0,1
19900818.0,393,44,34154.0,1,0,1,0,0,1,2,0,0,0,2,828.0,2.0,2,5,1910.0,45.0,56.0,0.333,14.9,85.0,1.0,30.0,17.3,1600.0,48.1,34.6,0.0,0.0,2.8,1.0,40.0,35.0,100.0,100.0,1
19900818.0,269,44,34154.0,1,0,1,0,0,1,2,0,0,0,2,828.0,10.0,2,0,1910.0,30.0,56.0,0.367,14.7,83.0,1.0,30.0,10.8,1600.0,53.8,35.5,0.0,6.0,2.6,1.2,40.0,35.0,100.0,100.0,1
19900820.0,332,4,34585.0,0,0,1,0,0,0,0,0,0,1,2,828.0,2.0,2,0,1910.0,57.5,57.0,0.367,15.3,84.0,1.0,30.0,19.0,2400.0,47.6,33.3,0.0,0.0,3.0,1.0,33.0,40.0,93.75,100.0,1
19900820.0,267,4,34585.0,0,0,1,0,0,0,0,0,0,1,2,828.0,10.0,2,0,1910.0,57.5,57.0,0.27585742187499995,14.2,78.0,1.0,30.0,10.5,2400.0,52.6,36.8,0.0,0.0,2.5,1.0,33.0,40.0,93.75,100.0,1
19900830.0,226,26,38061.0,1,0,1,0,0,1,2,0,2,2,3,815.0,1.0,1,2,1911.0,47.5,49.0,0.367,15.0,84.0,0.75,28.0,2.2,1600.0,54.3,43.5,0.0,0.0,3.0,0.9,34.0,30.0,108.1,100.0,0
19900831.0,287,60,25437.0,1,0,1,0,0,1,2,0,0,0,2,821.0,7.0,2,2,1911.0,57.5,51.0,0.333,15.2,70.0,0.625,25.0,11.1,1850.0,50.5,38.4,3.0,0.0,2.5,0.8,34.0,30.0,100.0,100.0,1
19900831.0,271,60,25437.0,1,0,1,0,0,1,2,0,0,0,2,821.0,2.0,2,2,1911.0,57.5,51.0,0.267,15.6,81.0,0.75,25.0,9.8,1850.0,49.0,41.2,0.0,0.0,2.7,0.6,34.0,30.0,100.0,100.0,1
19900825.0,353,4,38013.0,0,0,1,0,0,1,0,0,0,1,2,824.0,2.0,2,5,1910.0,40.0,55.0,0.533,15.4,80.0,0.8125,30.0,10.2,2400.0,51.0,38.8,0.0,0.0,1.7,0.7,30.0,45.0,93.75,100.0,1
19900825.0,346,4,38013.0,0,0,1,0,0,1,0,0,0,1,2,824.0,9.0,2,5,1910.0,45.0,55.0,0.3,16.1,82.0,0.75,30.0,0.0,2400.0,58.8,41.2,0.0,0.0,2.0,0.8,30.0,45.0,93.75,100.0,1
19900824.0,42,19,34399.0,1,0,1,0,0,1,2,0,0,1,1,813.0,1.0,0,2,1911.0,40.0,54.0,0.3,15.0,70.0,0.7243334970530452,30.907563025210084,10.0,1823.359168241966,50.0,40.0,0.0,0.0,2.5,0.8,60.0,30.0,100.0,100.0,1
19900824.0,168,19,34399.0,1,0,1,0,0,1,2,0,0,1,1,813.0,5.0,0,2,1910.0,42.5,54.0,0.3,15.0,70.0,0.7243334970530452,30.907563025210084,13.4,1500.0,48.1,38.5,2.0,0.0,2.5,1.0,60.0,45.0,93.75,100.0,1
19900821.0,141,5,34066.0,1,0,1,0,0,1,2,0,0,0,0,802.0,7.0,0,0,1910.0,52.5,55.0,0.333,14.0,70.0,0.625,55.0,7.9,1600.0,57.5,34.44,4.0,0.0,3.0,0.8,40.0,45.0,93.75,100.0,1
19900821.0,138,5,34066.0,1,0,1,0,0,1,2,0,0,1,0,802.0,2.0,0,0,1910.0,52.5,55.0,0.433,14.0,80.0,0.7243334970530452,55.0,9.9,1600.0,49.5,40.6,0.0,0.0,3.0,0.5,40.0,45.0,93.75,100.0,1
19900921.0,215,58,34551.0,0,0,1,0,0,0,0,0,0,1,3,815.0,1.0,1,0,1910.0,35.0,72.0,0.367,15.2,72.0,1.0,36.0,0.0,2200.0,65.2,34.8,0.0,0.0,2.5,1.0,30.0,40.0,93.6,90.0,0
19900921.0,215,58,34551.0,0,0,1,0,0,0,0,0,0,0,3,815.0,1.0,1,0,1910.0,35.0,56.0,0.267,15.0,70.0,1.0,33.0,0.0,2350.0,65.2,34.8,0.0,0.0,2.5,1.0,30.0,40.0,93.75,90.0,0
19900920.0,118,18,34749.0,0,1,1,0,0,0,0,0,0,0,3,816.0,2.0,2,0,1910.3646833013436,45.0360824742268,46.0,0.27585742187499995,16.0,72.0,0.5,32.0,0.0,1673.0,58.8,41.2,0.0,0.0,2.5,1.5,30.0,39.056390977443606,103.03279135338346,99.59888059701493,0
19900913.0,216,58,34551.0,0,0,1,0,0,0,0,0,0,0,3,815.0,1.0,1,0,1910.0,40.0,60.0,0.2,15.5,73.0,0.75,28.0,0.0,1850.0,65.2,34.8,0.0,0.0,2.8,1.0,30.0,40.0,100.0,90.0,0
19900909.0,33,48,47103.0,1,0,1,0,0,1,2,0,0,0,0,802.0,7.0,0,2,1911.0,60.0,50.0,0.233,14.5,70.0,0.75,45.0,15.6,1650.0,45.8,38.5,2.0,0.0,2.5,1.0,40.0,40.0,100.0,100.0,1
19900909.0,38,48,47105.0,1,0,1,0,0,1,2,0,0,0,3,816.0,2.0,0,2,1910.0,60.0,50.0,0.267,14.9,88.0,0.375,32.0,10.3,1700.0,51.5,38.1,5.0,0.0,3.0,1.3,40.0,40.0,103.3,100.0,1
19900909.0,60,48,47103.0,1,0,1,0,0,1,2,0,0,0,0,802.0,2.0,0,2,1910.0,60.0,50.0,0.3,14.5,60.0,0.75,40.0,19.0,1650.0,47.6,33.3,0.0,0.0,2.5,1.0,40.0,40.0,103.3,100.0,1
19900909.0,81,48,47105.0,1,0,1,1,0,1,2,0,0,0,3,816.0,9.0,0,2,1910.0,65.0,50.0,0.267,15.0,86.0,0.25,28.0,10.5,1700.0,52.6,36.8,2.0,0.0,2.5,0.6,40.0,40.0,103.3,100.0,1
19900910.0,165,48,47105.0,1,0,1,0,0,1,2,0,0,1,1,813.0,5.0,0,2,1911.0,55.0,47.0,0.367,13.0,70.0,0.7243334970530452,30.907563025210084,14.1,1600.0,50.5,35.3,0.0,0.0,2.5,0.5,40.0,35.0,106.25,100.0,1
19900910.0,171,48,47105.0,1,0,1,0,0,1,2,0,0,1,1,813.0,1.0,0,2,1911.0,65.0,47.0,0.367,12.0,68.0,0.7243334970530452,30.907563025210084,0.0,1600.0,58.8,41.2,0.0,0.0,2.8,0.8,40.0,35.0,106.25,100.0,1
19900910.0,234,48,47105.0,1,0,1,0,0,0,0,0,0,1,1,813.0,10.0,0,2,1911.0,55.0,47.0,0.233,15.5,74.0,0.7243334970530452,30.907563025210084,0.0,1600.0,62.5,37.5,0.0,0.0,2.5,1.0,40.0,35.0,106.25,100.0,1
19900910.0,238,48,47105.0,1,0,1,0,0,0,0,0,0,1,1,813.0,9.0,0,2,1910.0,55.0,47.0,0.2,14.0,71.0,0.7243334970530452,30.907563025210084,0.0,1600.0,62.5,37.5,0.0,0.0,2.5,0.7,40.0,40.0,90.3,100.0,1
19900915.0,81,48,47105.0,1,0,1,0,0,1,2,0,0,1,3,816.0,9.0,0,2,1910.0,65.0,60.0,0.267,14.5,80.0,0.25,38.0,15.8,1900.0,49.5,34.6,0.0,0.0,2.9,0.7,40.0,40.0,103.3,100.0,1
19900915.0,38,48,47105.0,1,0,1,0,0,1,2,0,0,1,3,816.0,2.0,0,2,1910.0,60.0,60.0,0.267,14.0,76.0,0.375,30.0,10.3,1900.0,51.5,38.1,5.0,0.0,2.6,1.1,40.0,40.0,103.3,100.0,1
19900924.0,215,58,34551.0,0,0,1,0,0,0,0,0,0,0,3,815.0,1.0,1,0,1910.0,40.0,49.0,0.267,14.0,82.0,0.625,30.0,0.0,2150.0,65.2,34.8,1.0,0.0,2.5,0.9,30.0,40.0,93.75,90.0,0
19901002.0,108,43,36197.0,0,0,1,0,0,1,0,0,0,0,3,815.0,1.0,2,2,1910.0,55.0,50.0,0.133,14.0,80.0,0.625,32.0,8.0,2000.0,60.0,32.0,0.0,0.0,2.5,0.9,35.0,40.0,93.55,90.0,0
19901002.0,108,43,36197.0,0,0,1,0,0,1,0,0,0,1,3,815.0,1.0,2,2,1910.0,55.0,48.0,0.367,14.5,76.0,0.5,30.0,8.0,2000.0,60.0,32.0,0.0,0.0,2.5,1.0,35.0,40.0,93.55,90.0,0
19901003.0,357,60,25441.0,1,0,1,0,0,1,2,0,0,0,2,821.0,7.0,2,2,1910.0,55.0,50.0,0.267,17.0,89.0,1.0,22.0,10.4,1650.0,52.1,37.5,0.75,0.0,2.5,1.1,34.0,40.0,93.55,90.0,0
19901002.0,92,43,36197.0,0,0,1,0,0,1,2,0,0,1,3,816.0,2.0,2,6,1911.0,55.0,50.0,0.2,17.0,78.0,0.25,32.0,9.7,1900.0,52.2,38.1,0.0,0.0,3.0,0.9,35.0,40.0,96.97,90.0,0
19901001.0,306,59,34754.0,0,0,0,0,0,0,0,0,0,1,2,824.0,2.0,2,0,1910.0,42.5,48.0,0.2,16.0,70.0,0.8125,35.0,0.0,2050.0,66.7,33.3,2.0,0.0,1.7,1.0,30.0,40.0,93.55,90.0,1
19901001.0,302,59,34754.0,0,0,0,0,0,0,0,0,0,0,2,824.0,9.0,2,0,1910.0,42.5,48.0,0.2,15.0,76.0,0.875,30.0,3.6,2050.0,60.2,36.2,0.0,0.0,2.5,1.0,30.0,40.0,93.55,90.0,1
19900926.0,319,62,36578.0,0,0,1,0,0,0,0,0,0,0,2,827.0,9.0,2,6,1911.0,35.0,48.0,0.233,14.5,76.0,0.75,20.0,0.0,2225.0,62.5,37.5,4.0,0.0,2.7,1.2,33.0,40.0,106.25,90.0,1
19900926.0,291,62,36578.0,0,0,1,0,0,0,0,0,0,0,2,827.0,2.0,2,6,1911.0,35.0,48.0,0.3,14.5,74.0,0.75,20.0,0.0,2225.0,62.5,37.5,4.0,0.0,2.0,1.2,33.0,40.0,106.25,90.0,1
19900926.0,217,58,34551.0,0,0,1,0,0,0,0,0,0,1,3,815.0,9.0,1,0,1910.0,30.0,48.0,0.233,15.0,88.0,0.75,35.0,7.7,1823.359168241966,57.7,34.6,0.0,0.0,2.8,0.8,30.0,40.0,100.0,90.0,1
19900926.0,381,60,25440.0,1,0,1,2,0,1,2,0,0,0,2,821.0,2.0,2,2,1911.0,47.5,49.0,0.433,14.5,88.0,0.625,25.0,34.5,2000.0,43.5,22.0,0.0,0.0,2.5,0.7,40.0,40.0,96.97,90.0,1
19900924.0,60,48,47105.0,1,0,1,0,0,1,2,0,0,1,1,813.0,1.0,0,2,1911.0,60.0,48.0,0.367,14.0,76.0,1.0,30.907563025210084,5.6,1600.0,55.6,38.8,0.0,0.0,2.5,0.7,40.0,40.0,96.97,90.0,1
19900924.0,33,48,47105.0,1,0,1,0,0,1,2,0,0,1,1,813.0,5.0,0,2,1911.0,60.0,48.0,0.4,16.0,72.0,1.0,30.907563025210084,15.2,1600.0,44.6,40.2,0.0,4.0,2.1,0.7,40.0,40.0,96.97,90.0,1
19901006.0,121,43,36197.0,0,0,1,0,0,1,2,0,0,0,3,816.0,9.0,2,2,1911.0,47.5,52.0,0.3,15.2,76.0,0.75,30.0,17.5,1700.0,48.7,33.8,0.0,0.0,2.5,0.8,35.0,40.0,114.3,100.0,0
19901007.0,184,12,38059.0,1,0,1,0,0,1,2,0,0,1,0,802.0,7.0,0,2,1911.0,42.5,52.0,0.333,16.8,80.0,0.625,40.0,0.0,1700.0,54.3,45.7,3.0,0.0,3.0,1.0,34.0,40.0,107.4,100.0,1
19901007.0,119,43,36197.0,0,0,1,0,0,1,2,0,0,1,3,815.0,9.0,2,6,1911.0,47.5,53.0,0.3,15.0,72.0,0.75,25.0,22.0,1500.0,45.9,32.1,0.0,0.0,2.5,0.8,35.0,40.0,114.3,100.0,0
19901004.0,124,43,36197.0,0,0,1,0,0,1,2,0,0,1,3,815.0,2.0,2,6,1911.0,47.5,58.0,0.333,14.0,85.0,0.75,28.0,16.5,1800.0,48.5,35.0,0.0,0.0,2.5,0.5,35.0,40.0,114.3,100.0,0
19901001.0,92,43,36197.0,0,0,1,0,0,1,2,0,0,1,3,816.0,2.0,2,6,1910.0,55.0,48.0,0.233,18.0,76.0,0.25,24.0,10.0,1600.0,60.0,30.0,0.0,0.0,3.0,0.9,35.0,40.0,93.55,90.0,0
19901005.0,385,9,38218.0,0,0,1,0,0,0,0,0,0,1,2,821.0,7.0,2,0,1911.0,30.0,52.0,0.333,16.5,80.0,0.625,40.0,0.0,1800.0,58.1,41.9,1.0,0.0,2.5,0.4,35.0,40.0,107.4,100.0,0
19901007.0,183,12,38059.0,1,0,1,0,0,1,2,0,0,0,0,802.0,2.0,0,2,1910.0,42.5,52.0,0.233,18.0,70.0,0.625,45.0,0.0,1700.0,58.8,41.2,0.0,0.0,3.0,0.7,34.0,40.0,103.125,100.0,1
19901010.0,329,60,25443.0,1,0,1,0,0,1,2,0,0,1,2,821.0,7.0,2,2,1911.0,47.5,54.0,0.3,14.0,65.0,0.625,25.0,16.1,1500.0,44.6,39.3,4.0,0.0,2.5,1.0,34.0,40.0,114.29,100.0,0
19901017.0,223,56,38240.0,1,0,1,0,0,1,2,0,2,1,0,802.0,7.0,0,6,1911.0,60.0,46.0,0.333,15.35979515828678,80.0,0.625,50.0,12.4,1391.0,51.5,36.1,2.0,0.0,2.7,1.0,38.5,40.0,114.29,100.0,1
19901017.0,225,56,38240.0,1,0,1,0,0,1,2,0,2,1,0,802.0,2.0,0,6,1911.0,60.0,46.0,0.333,15.35979515828678,70.0,0.625,50.0,19.0,1391.0,47.6,33.3,0.0,0.0,2.7,0.7,38.5,40.0,114.29,100.0,1
19901010.0,210,58,34522.0,0,0,1,0,0,0,2,0,0,1,3,816.0,9.0,1,2,1911.0,35.0,50.0,0.3,14.0,74.0,0.25,28.0,0.0,2500.0,58.8,41.2,0.0,0.0,2.5,0.7,30.0,40.0,114.29,100.0,1
19901010.0,199,58,34522.0,0,0,1,0,0,0,2,0,0,1,3,816.0,2.0,1,2,1911.0,40.0,50.0,0.3,13.0,74.0,0.25,25.0,0.0,2500.0,58.8,41.2,2.0,0.0,2.5,0.5,30.0,40.0,114.29,100.0,1
19901008.0,342,4,34587.0,0,0,1,0,0,0,0,0,0,0,2,827.0,2.0,2,0,1911.0,30.0,53.0,0.333,14.0,85.0,0.75,30.0,15.0,2290.0,50.0,35.0,0.0,0.0,2.0,1.5,33.0,40.0,110.7,100.0,1
19901008.0,335,4,34587.0,0,0,1,0,0,0,0,0,0,0,2,827.0,9.0,2,0,1911.0,30.0,53.0,0.3,15.0,80.0,0.75,30.0,15.0,2290.0,50.0,35.0,0.0,0.0,2.5,1.0,33.0,40.0,110.7,100.0,1
19901014.0,330,59,34756.0,0,0,0,0,0,0,0,0,0,1,2,824.0,2.0,2,0,1911.0,30.0,54.0,0.333,16.3,80.0,0.8125,30.0,0.0,2100.0,60.0,40.0,3.0,0.0,2.5,1.2,30.0,40.0,114.29,100.0,1
19901014.0,363,59,34756.0,0,0,0,0,0,0,0,0,0,1,2,824.0,9.0,2,0,1911.0,30.0,54.0,0.27585742187499995,14.9,72.0,1.25,30.0,3.6,2100.0,60.2,36.1,1.5,0.0,2.5,1.2,30.0,40.0,114.29,100.0,1
19901027.0,101,65,34996.0,0,0,1,0,0,0,0,0,0,1,3,816.0,9.0,2,5,1910.0,35.0,43.0,0.367,13.0,75.0,0.75,30.907563025210084,0.0,2000.0,62.5,37.5,0.0,0.0,2.5,1.1,30.0,40.0,100.0,100.0,0
19901101.0,284,60,25445.0,1,0,1,0,0,1,2,0,0,1,2,821.0,7.0,2,2,1910.0,52.5,43.0,0.267,15.0,71.0,0.75,28.0,7.4,1500.0,53.2,39.4,0.0,0.0,2.5,1.0,34.0,40.0,98.3,100.0,0
19901102.0,288,43,36165.0,1,0,1,0,0,1,2,0,0,0,2,828.0,2.0,2,2,1910.0,65.0,43.0,0.2,16.0,78.0,0.75,30.0,12.0,2100.0,46.3,41.7,0.0,0.0,2.0,1.0,40.0,40.0,100.0,100.0,0
19901031.0,302,43,36165.0,1,0,1,0,0,1,2,0,0,0,2,828.0,9.0,2,2,1910.0,65.0,42.0,0.233,17.5,100.0,1.125,25.0,17.5,2250.0,48.5,34.0,0.0,0.0,2.5,1.0,40.0,40.0,100.0,100.0,1
19901031.0,288,43,36165.0,1,0,1,0,0,1,2,0,0,0,2,828.0,2.0,2,2,1910.0,65.0,42.0,0.2,17.0,80.0,1.0,22.0,15.0,2250.0,50.0,35.0,1.0,0.0,2.5,1.0,40.0,40.0,100.0,100.0,1
19901102.0,107,4,34588.0,0,0,1,0,0,0,0,0,0,1,3,815.0,9.0,2,0,1910.0,37.5,43.0,0.2,16.0,76.0,0.9375,30.907563025210084,0.0,2180.0,62.5,37.5,2.0,0.0,2.9,1.2,33.0,40.0,96.77,100.0,0
19901023.0,99,63,36059.0,2,1,1,0,0,0,0,0,0,1,3,815.0,2.0,2,0,1910.3646833013436,45.0360824742268,42.0,0.27585742187499995,16.1,73.0,0.625,30.0,0.0,2000.0,61.9,38.1,0.0,0.0,2.8,1.0,30.0,39.056390977443606,103.03279135338346,99.59888059701493,0
19901027.0,101,64,34996.0,0,0,1,0,0,0,0,0,0,1,3,816.0,9.0,2,5,1910.0,35.0,43.0,0.367,13.0,75.0,0.75,30.907563025210084,0.0,2000.0,62.5,37.5,0.0,0.0,2.5,1.1,30.0,40.0,100.0,100.0,0
19901030.0,93,64,34996.0,0,0,1,0,0,0,0,0,0,1,3,816.0,9.0,2,5,1910.0,35.0,42.0,0.3,15.9,78.0,0.375,32.0,0.0,2150.0,62.5,37.5,0.0,0.0,1.7,0.9,30.0,40.0,101.67,100.0,0
19901031.0,126,4,34588.0,0,0,1,0,0,0,0,0,0,0,3,815.0,2.0,2,0,1910.0,40.0,43.0,0.233,15.5,85.0,0.75,25.0,4.7,2000.0,58.1,37.2,0.0,0.0,2.5,1.0,33.0,40.0,96.77,100.0,0
19901102.0,113,4,34588.0,0,0,1,0,0,0,0,0,0,1,3,815.0,2.0,2,0,1910.0,40.0,43.0,0.267,17.2,78.0,0.9375,30.907563025210084,1.0,2180.0,58.3,40.7,2.0,0.0,2.4,0.8,33.0,40.0,96.77,100.0,0
19901107.0,267,60,25466.0,1,0,1,0,0,1,2,0,0,1,2,821.0,7.0,2,2,1910.0,50.0,43.0,0.267,17.0,72.0,0.625,30.0,14.3,1600.0,47.6,38.1,0.0,0.0,2.5,1.0,34.0,40.0,96.77,100.0,0
19901114.0,299,60,25477.0,1,0,1,0,0,1,2,0,0,0,2,821.0,7.0,2,2,1911.0,50.0,42.0,0.2,17.0,73.0,0.4375,20.0,18.5,1800.0,46.3,35.1,2.0,0.0,2.5,1.0,34.0,40.0,100.0,100.0,0
19901108.0,233,48,47106.0,1,0,1,0,0,1,2,0,0,1,0,802.0,2.0,0,0,1910.0,40.0,43.0,0.2,13.5,76.0,0.75,52.0,4.4,1726.0,55.0,40.6,0.0,0.0,3.0,1.0,40.0,40.0,96.77,100.0,1
19901105.0,123,36,34716.0,0,0,1,0,0,1,0,0,0,1,3,816.0,9.0,2,2,1910.0,40.0,43.0,0.267,16.4,79.0,0.3125,35.0,0.5,2400.0,59.5,40.0,0.5,0.0,2.6,1.1,35.0,40.0,96.77,100.0,1
19901109.0,123,36,34716.0,0,0,1,0,0,1,0,0,0,0,3,816.0,9.0,2,2,1910.0,40.0,51.0,0.233,15.0,70.0,0.25,24.0,0.5,0.0,59.5,40.0,0.0,0.0,3.0,1.0,35.0,40.0,100.0,100.0,0
19901108.0,100,64,34997.0,0,0,1,0,0,0,0,0,0,0,3,815.0,1.0,2,0,1910.0,32.5,43.0,0.2,13.0,80.0,0.75,28.0,0.0,1500.0,62.5,37.5,0.0,0.0,0.0,0.0,30.0,40.0,100.0,100.0,0
19901105.0,90,36,34716.0,0,0,1,0,0,1,0,0,0,1,3,816.0,2.0,2,2,1910.0,40.0,43.0,0.233,15.6,81.0,0.5,34.0,0.0,2400.0,62.5,37.5,5.0,0.0,2.40093808630394,0.9,35.0,40.0,96.77,100.0,1
19901107.0,116,36,34716.0,0,0,1,0,0,1,0,0,0,1,3,816.0,7.0,2,2,1910.0,37.5,43.0,0.2,15.8,80.0,0.5,32.0,0.0,2400.0,62.5,37.5,5.0,0.0,2.5,0.9,35.0,40.0,96.77,100.0,1
19901105.0,191,58,34553.0,0,0,1,0,0,0,0,0,0,1,2,827.0,2.0,1,0,1910.0,45.0,42.0,0.267,14.9,75.0,1.0,25.0,10.5,1660.0,52.6,36.9,0.0,0.0,2.5,1.0,30.0,40.0,101.67,100.0,1
19901105.0,190,58,34553.0,0,0,1,0,0,0,0,0,0,1,2,827.0,9.0,1,0,1910.0,45.0,42.0,0.2,14.0,80.0,0.7243334970530452,20.0,7.6,1823.359168241966,54.3,38.1,0.0,0.0,2.40093808630394,0.987593984962406,30.0,40.0,101.67,100.0,1
19901107.0,266,43,36166.0,0,0,1,0,0,1,0,0,0,0,2,828.0,2.0,2,2,1910.0,45.0,43.0,0.2,16.0,80.0,0.75,30.0,3.1,2200.0,51.0,45.9,0.0,0.0,2.5,1.3,35.0,40.0,103.33,100.0,1
19901107.0,331,43,36166.0,0,0,1,0,0,1,0,0,0,0,2,828.0,9.0,2,2,1910.0,50.0,43.0,0.2,15.5,72.0,0.75,30.0,5.1,2200.0,50.6,44.3,0.0,0.0,2.5,1.3,35.0,40.0,96.77,100.0,1
19901106.0,74,48,47106.0,1,0,1,0,0,1,2,0,0,0,0,802.0,7.0,0,2,1910.0,40.0,45.0,0.233,13.6,90.0,0.75,45.0,0.0,1386.0,62.5,37.5,0.0,0.0,3.0,0.7,40.0,40.0,96.77,100.0,0
19901113.0,74,48,47106.0,1,0,1,0,0,1,2,0,0,0,0,802.0,7.0,0,2,1910.0,40.0,42.0,0.2,15.0,65.0,0.75,55.0,0.0,1650.0,62.5,37.5,0.0,0.0,2.5,1.0,40.0,40.0,96.77,100.0,0
19901117.0,371,9,34442.0,1,0,1,0,0,1,2,0,0,0,2,821.0,7.0,2,2,1910.0,50.0,43.0,0.267,14.0,74.0,0.625,20.0,2.2,1800.0,56.2,41.6,0.0,0.0,3.0,1.0,38.0,40.0,96.875,100.0,0
19901114.0,111,64,34997.0,0,0,1,0,0,0,0,0,0,1,3,815.0,9.0,2,0,1910.0,50.0,47.0,0.2,16.2,74.0,0.75,28.0,10.8,2000.0,53.4,35.8,0.0,0.0,2.5,1.3,30.0,40.0,100.0,100.0,0
19901115.0,105,64,34997.0,0,0,1,0,0,0,0,0,0,1,3,815.0,2.0,2,0,1910.0,50.0,47.0,0.267,16.0,92.0,0.75,35.0,0.0,1800.0,68.0,32.0,1.0,0.0,2.6,1.2,30.0,40.0,100.0,100.0,0
19901125.0,248,59,34759.0,0,0,0,0,0,0,0,0,0,1,3,816.0,1.0,1,0,1910.0,32.5,47.0,0.267,16.1,88.0,0.3125,28.0,0.0,2189.0,62.5,37.5,0.0,0.0,2.4,0.8,30.0,40.0,100.0,100.0,1
19901125.0,249,59,34759.0,0,0,0,0,0,0,0,0,0,1,3,816.0,2.0,1,0,1910.0,32.5,47.0,0.2,20.0,79.0,0.3125,29.0,0.0,2189.0,58.1,41.9,5.0,0.0,2.5,1.25,30.0,40.0,100.0,100.0,1
19901119.0,110,40,34781.0,0,0,1,0,0,1,0,0,0,1,3,816.0,2.0,2,2,1910.0,70.0,43.0,0.3,18.1,78.0,0.5,28.0,14.4,2125.0,48.1,37.5,5.0,0.0,3.0,0.9,33.0,40.0,100.0,100.0,1
19901119.0,97,40,34781.0,0,0,1,0,0,1,0,0,0,1,3,816.0,9.0,2,2,1910.0,70.0,43.0,0.233,16.0,77.0,0.8175,28.0,15.9,2125.0,46.5,37.6,3.0,0.0,1.75,0.6,33.0,40.0,100.0,100.0,1
19901125.0,251,59,34759.0,0,0,0,0,0,0,0,0,0,1,3,816.0,9.0,1,0,1910.0,40.0,47.0,0.2,16.53,78.0,0.8125,24.0,0.0,2189.0,58.8,41.2,0.0,0.0,2.0,0.8,30.0,40.0,100.0,100.0,1
19901116.0,114,64,34997.0,0,0,1,0,0,0,0,0,0,1,3,815.0,2.0,2,0,1910.0,32.5,45.0,0.233,14.0,94.0,0.625,25.0,0.0,1800.0,66.7,33.3,0.0,0.0,2.1,1.0,30.0,40.0,100.0,100.0,0
19901124.0,250,59,34259.0,0,0,0,0,0,0,0,0,0,0,3,815.0,1.0,1,0,1911.0,40.0,47.0,0.267,15.0,88.0,0.5,34.0,0.0,1700.0,62.5,37.5,0.0,0.0,0.0,0.0,30.0,40.0,100.0,100.0,0
19901120.0,233,48,47106.0,1,0,1,0,0,1,2,0,0,1,0,802.0,2.0,0,2,1911.0,40.0,46.0,0.3,15.0,70.0,0.75,50.0,0.0,1800.0,53.9,46.1,0.0,0.0,2.5,1.0,40.0,40.0,100.0,100.0,0
19901121.0,74,48,47106.0,1,0,1,0,0,1,2,0,0,0,0,802.0,7.0,0,2,1911.0,40.0,50.0,0.233,14.0,70.0,0.75,45.0,0.0,1800.0,60.2,39.8,0.0,0.0,2.5,1.0,40.0,40.0,100.0,100.0,0
19901114.0,359,60,25447.0,1,0,1,0,0,1,2,0,0,0,2,821.0,2.0,2,2,1911.0,45.0,41.0,0.2,15.0,78.0,0.75,20.0,14.6,1800.0,48.5,36.9,0.0,0.0,2.5,1.0,34.0,40.0,100.0,100.0,1
19901115.0,186,58,34554.0,0,0,1,0,0,1,0,0,0,1,2,827.0,2.0,1,2,1910.0,45.0,42.0,0.2,14.0,75.0,1.0,20.0,11.2,1800.0,51.0,37.8,8.0,0.0,2.5,1.0,35.0,40.0,100.0,100.0,1
19901115.0,187,58,34554.0,0,0,1,0,0,1,0,0,0,1,2,827.0,9.0,1,2,1911.0,45.0,42.0,0.333,14.0,75.0,1.0,20.0,0.0,1800.0,58.9,41.1,8.0,0.0,3.0,2.0,35.0,40.0,100.0,100.0,1
19901113.0,362,43,36167.0,0,0,2,0,0,1,0,0,0,1,2,828.0,2.0,2,3,1910.0,45.0,41.0,0.333,15.8,78.0,1.0,40.0,0.0,2300.0,62.5,37.5,4.0,0.0,2.5,1.4,35.0,40.0,100.0,100.0,1
19901113.0,360,43,36167.0,0,0,2,0,0,1,0,0,0,1,2,828.0,9.0,2,3,1910.0,45.0,41.0,0.2,14.6,74.0,1.0,32.0,21.0,2300.0,47.6,31.4,4.0,0.0,2.5,1.1,35.0,40.0,96.77,100.0,1
19901206.0,257,60,25450.0,1,0,1,0,0,1,2,0,0,1,2,821.0,7.0,2,2,1910.0,45.0,42.0,0.4,14.8,72.0,0.625,20.0,0.0,1800.0,58.8,41.2,0.0,0.0,2.5,0.9,34.0,40.0,106.25,100.0,1
19901206.0,123,45,36805.0,1,0,1,0,0,1,2,0,0,1,3,815.0,9.0,2,6,1910.0,50.0,42.0,0.267,16.0,88.0,0.75,33.0,11.5,1650.0,52.1,36.4,0.0,0.0,2.5,1.0,38.0,40.0,106.25,100.0,1
19901206.0,105,45,36805.0,1,0,1,0,0,1,2,0,0,0,3,815.0,2.0,2,6,1910.0,50.0,42.0,0.3,17.0,88.0,0.75,30.0,0.0,1600.0,62.5,27.5,5.0,0.0,2.6,1.0,38.0,40.0,106.25,100.0,0
19901206.0,105,45,36805.0,1,0,1,0,0,1,1,0,0,1,3,815.0,2.0,2,6,1910.0,50.0,42.0,0.233,15.0,90.0,1.0,35.0,0.0,1650.0,55.5,44.5,0.0,0.0,2.5,1.0,38.0,40.0,100.0,100.0,0
19901206.0,258,60,25450.0,1,0,1,0,0,1,2,0,0,1,2,821.0,2.0,2,2,1910.3646833013436,50.0,42.0,0.367,15.5,73.0,0.625,20.0,3.6,1800.0,60.2,36.2,0.0,0.0,2.5,0.9,34.0,40.0,106.25,100.0,1
19901208.0,239,5,38120.0,1,0,1,2,0,1,1,0,0,1,3,815.0,2.0,0,2,1910.0,45.0,43.0,0.3,20.0,84.0,0.625,33.0,5.780578512396694,1200.0,55.63853305785125,38.56764462809917,0.0,0.0,2.5,0.5,40.0,40.0,106.25,100.0,0
19901209.0,316,24,34692.0,0,0,1,0,0,0,2,0,0,0,2,824.0,2.0,2,0,1910.0,45.0,42.0,0.3,15.0,70.0,0.8125,40.0,0.0,1500.0,58.8,41.2,3.0,0.0,2.0,1.0,30.0,40.0,100.0,100.0,0
19901209.0,247,57,35001.0,1,0,1,0,0,1,2,0,0,1,3,816.0,9.0,1,2,1910.0,40.0,42.0,0.2,12.7,84.0,0.5,32.0,0.0,1750.0,62.5,37.5,0.0,0.0,2.5,0.9,40.0,40.0,100.0,100.0,1
19901209.0,294,29,23048.0,1,0,1,0,0,1,2,0,0,1,2,821.0,7.0,2,5,1910.0,40.0,42.0,0.333,15.5,64.0,0.625,20.0,10.5,1550.0,52.6,36.9,0.0,0.0,2.0,0.6,40.0,40.0,106.25,100.0,1
19901209.0,377,29,23048.0,1,0,1,0,0,1,2,0,0,1,2,821.0,2.0,2,5,1910.0,40.0,42.0,0.333,16.0,78.0,0.625,20.0,0.0,1550.0,62.5,37.5,0.0,0.0,2.5,1.0,40.0,40.0,106.25,100.0,1
19901209.0,167,1,27490.0,0,0,1,0,0,1,0,0,0,0,0,802.0,2.0,0,2,1910.0,32.0,42.0,0.233,16.0,70.0,0.625,46.0,0.0,1350.0,60.2,39.8,0.0,0.0,3.0,1.0,34.0,40.0,100.0,100.0,1
19901209.0,67,1,27490.0,0,0,1,0,0,1,0,0,0,0,0,802.0,7.0,0,2,1910.0,32.0,42.0,0.233,16.0,70.0,0.625,48.0,0.0,1350.0,63.9,36.1,0.0,0.0,3.0,1.0,34.0,40.0,100.0,100.0,1
19901219.0,314,60,25452.0,1,0,1,0,0,1,2,0,0,1,2,821.0,7.0,2,2,1910.0,67.5,50.0,0.167,16.5,73.0,0.875,20.0,18.1,1800.0,47.6,34.3,0.0,0.0,2.5,0.8,34.0,40.0,110.71,100.0,0
19901222.0,127,5,38121.0,1,0,1,0,0,1,2,0,0,1,3,815.0,9.0,0,0,1911.0,45.0,60.0,0.3,16.0,88.0,0.75,33.0,0.0,1500.0,56.8,43.2,0.0,0.0,2.9,1.1,40.0,40.0,103.22,100.0,0
19901209.0,254,57,35001.0,1,0,1,0,0,1,1,0,0,0,3,816.0,2.0,1,2,1910.0,42.0,42.0,0.267,14.5,78.0,1.0,28.0,0.0,1800.0,61.7,38.3,0.0,0.0,2.5,2.0,40.0,40.0,100.0,100.0,0
19901211.0,140,5,38121.0,1,0,1,0,0,1,1,0,0,0,3,815.0,2.0,0,0,1910.0,45.0,40.0,0.3,16.0,89.0,0.625,22.0,0.0,1300.0,60.0,40.0,1.0,0.0,2.5,1.0,40.0,40.0,106.45,100.0,0
19901212.0,131,5,38121.0,1,0,1,0,0,1,1,0,0,0,3,815.0,2.0,0,0,1910.0,45.0,42.0,0.267,14.0,89.0,0.75,26.0,0.0,1450.0,58.8,41.2,1.0,0.0,2.5,1.0,40.0,40.0,103.22,100.0,0
19901215.0,43,21,35525.0,1,0,1,0,0,1,2,0,0,0,3,815.0,9.0,0,2,1910.0,40.0,54.0,0.3,14.8,87.0,0.7243334970530452,29.0,0.0,1000.0,58.8,41.2,0.0,0.0,2.9,1.0,40.0,40.0,106.45,100.0,0
19901212.0,135,5,38121.0,1,0,1,0,0,1,2,0,0,0,3,815.0,9.0,0,0,1910.0,45.0,42.0,0.367,16.0,83.0,0.625,30.0,0.0,1950.0,58.8,41.2,0.0,0.0,2.5,1.0,40.0,40.0,106.45,100.0,0
19901215.0,32,33,34099.0,1,0,1,0,0,1,2,0,0,0,0,802.0,2.0,0,2,1910.0,45.0,41.0,0.267,13.3,70.0,0.75,50.0,0.0,1700.0,60.2,39.8,0.0,0.0,3.0,0.8,38.0,40.0,117.85,100.0,1
19901215.0,35,33,34099.0,1,0,1,0,0,1,2,0,0,0,0,802.0,7.0,0,2,1910.0,45.0,41.0,0.267,13.3,70.0,0.75,50.0,0.0,1700.0,63.9,36.1,0.0,0.0,3.0,0.7,38.0,40.0,117.85,100.0,1
19901209.0,247,57,35001.0,1,0,1,0,0,1,2,0,0,0,3,816.0,9.0,1,2,1910.3646833013436,35.0,42.0,0.2,15.5,80.0,1.0,26.0,0.0,1800.0,62.5,37.5,3.0,0.0,2.5,2.0,40.0,40.0,100.0,100.0,1
19901219.0,388,60,25452.0,1,0,1,0,0,1,2,0,0,1,2,821.0,2.0,2,2,1910.0,65.0,50.0,0.2,15.1,75.0,0.625,20.0,19.0,1800.0,47.6,33.4,0.0,0.0,2.7,0.6,34.0,40.0,110.71,100.0,1
19901212.0,380,60,25451.0,1,0,1,0,0,1,2,0,0,1,2,821.0,7.0,2,2,1910.0,55.0,40.0,0.3,15.1,69.0,0.625,20.0,19.5,1450.0,44.2,36.3,0.0,0.0,2.5,0.9,34.0,40.0,106.45,100.0,1
19901230.0,7,48,48201.0,1,0,1,0,0,1,2,0,0,1,3,815.0,2.0,0,2,1911.0,62.0,52.0,0.433,15.0,78.0,0.75,28.0,5.9,1400.0,58.8,35.3,4.0,0.0,2.5,0.8,40.0,40.0,103.22,100.0,0
19901210.0,209,58,34556.0,0,0,1,0,0,0,0,0,0,1,3,816.0,2.0,1,0,1910.0,37.5,42.0,0.2,16.0,70.0,0.375,28.0,0.0,2400.0,58.8,41.2,3.0,0.0,3.0,0.8,30.0,40.0,106.45,100.0,0
19901215.0,61,21,35525.0,1,0,1,0,0,1,2,0,0,1,3,815.0,2.0,0,2,1910.0,40.0,54.0,0.267,22.2,77.0,0.625,32.0,6.25,1000.0,56.25,37.5,0.0,0.0,3.0,1.2,40.0,40.0,106.45,100.0,0
19901212.0,197,58,34556.0,0,0,1,0,0,0,0,0,0,1,3,816.0,9.0,1,0,1910.0,37.5,40.0,0.2,14.0,80.0,0.25,24.0,0.0,2400.0,58.8,41.2,2.0,0.0,2.5,0.8,30.0,40.0,106.45,100.0,1
19901218.0,207,58,34556.0,0,0,1,0,0,0,0,0,0,1,3,816.0,2.0,1,0,1910.0,37.5,50.0,0.27585742187499995,15.5,95.0,0.625,26.0,0.0,2350.0,62.5,37.5,1.0,0.0,2.6,0.6,30.0,40.0,106.45,100.0,1
19901214.0,217,58,34556.0,0,0,1,0,0,0,0,0,0,1,3,816.0,2.0,1,0,1910.0,37.5,41.0,0.27585742187499995,15.0,80.0,0.5,30.0,0.0,2398.0,58.8,41.2,9.0,0.0,2.5,0.7,30.0,40.0,106.45,100.0,1
19901211.0,321,4,34590.0,0,0,1,0,0,0,0,0,0,1,2,827.0,9.0,2,0,1910.0,50.0,40.0,0.3,15.0,72.0,0.75,30.0,0.0,2233.0,58.8,41.2,8.0,0.0,1.5,1.0,33.0,40.0,106.45,100.0,1
19901211.0,298,4,34590.0,0,0,1,0,0,0,0,0,0,1,2,827.0,2.0,2,0,1910.0,50.0,40.0,0.233,15.0,88.0,0.75,30.0,0.0,2233.0,58.8,41.2,8.0,0.0,3.0,1.0,33.0,40.0,106.45,100.0,1
19901214.0,295,24,34693.0,0,0,1,0,0,0,0,0,0,1,2,828.0,2.0,2,0,1910.3646833013436,45.0,41.0,0.2,16.1,74.0,1.0,30.0,0.0,1800.0,62.5,37.5,1.0,0.0,2.5,1.2,30.0,40.0,106.45,100.0,1
19901214.0,261,24,34693.0,0,0,1,0,0,0,0,0,0,1,2,828.0,9.0,2,0,1910.0,50.0,41.0,0.2,15.7,80.0,1.0,43.0,0.0,1800.0,62.5,37.5,1.0,0.0,2.5,1.5,30.0,40.0,106.45,100.0,1
19901218.0,374,24,34694.0,0,0,1,0,0,0,0,0,0,1,2,824.0,2.0,2,0,1910.0,30.0,41.0,0.333,15.5,74.0,0.8125,30.0,2.5,1900.0,58.0,39.5,4.5,0.0,1.9,1.3,30.0,40.0,114.28,100.0,1
19901218.0,68,21,35525.0,1,0,1,0,0,1,2,0,0,1,3,815.0,2.0,0,2,1910.0,40.0,41.0,0.267,15.5,76.0,0.75,28.0,3.6,1750.0,60.2,36.1,4.0,0.0,3.0,1.0,40.0,40.0,117.85,100.0,1
19901230.0,334,60,25502.0,1,0,1,0,0,1,2,0,0,1,2,821.0,2.0,2,2,1911.0,52.0,52.0,0.267,16.0,78.0,0.75,30.0,14.1,1250.0,50.5,53.4,0.0,0.0,3.0,0.9,34.0,40.0,103.22,100.0,0
19910810.0,130,15,37001.0,1,0,1,0,0,1,2,0,0,0,0,802.0,7.0,0,5,1911.0,45.0,62.0,0.233,15.0,76.0,0.75,50.0,0.0,1500.0,58.8,41.2,0.0,0.0,3.0,1.2,38.0,40.0,103.225,100.0,0
19910815.0,333,24,35462.0,0,0,1,0,0,0,0,0,0,0,2,824.0,2.0,2,5,1910.3646833013436,40.0,58.0,0.2,17.0,75.0,0.05625,30.0,0.0,1900.0,58.8,41.2,0.0,0.0,2.6,1.4,30.0,40.0,103.225,100.0,0
19910829.0,129,15,37001.0,1,0,1,0,0,1,2,0,0,1,0,802.0,7.0,0,5,1910.0,60.0,60.0,0.233,15.0,80.0,0.75,56.0,14.3,1380.0,47.6,38.1,0.0,0.0,3.0,1.0,38.0,40.0,106.4,100.0,1
19910712.0,241,0,24780.0,0,0,1,0,0,1,0,0,0,1,3,816.0,9.0,0,5,1911.0,47.5,65.0,0.2,14.0,80.0,0.5,27.0,11.5,1725.0,52.1,36.4,3.0,0.0,3.0,0.9,34.0,40.0,103.125,100.0,1
19910804.0,400,43,37371.0,0,0,1,0,0,1,0,0,0,0,3,816.0,2.0,2,5,1910.0,40.0,58.0,0.2,15.5,84.0,0.375,25.0,9.0,2000.0,52.8,38.2,5.0,0.0,3.0,1.1,35.0,40.0,103.125,100.0,1
19910804.0,398,43,37371.0,0,0,1,0,0,1,0,0,0,1,3,816.0,9.0,2,5,1910.0,40.0,58.0,0.267,15.0,80.0,0.1875,30.907563025210084,3.2,2000.0,53.8,43.0,0.0,0.0,2.5,1.0,35.0,40.0,103.125,100.0,1
19910712.0,168,0,24780.0,0,0,1,0,0,1,0,0,0,1,3,816.0,2.0,0,5,1911.0,47.5,65.0,0.2,15.7,87.0,0.25,30.907563025210084,5.6,1725.0,55.6,38.9,3.0,0.0,3.0,0.85,34.0,40.0,103.125,100.0,1
19910719.0,199,58,88231.0,0,0,1,0,0,0,0,0,0,1,3,816.0,9.0,1,5,1910.0,40.0,62.0,0.2,13.7,91.0,0.375,32.0,5.6,2300.0,55.6,38.9,2.0,0.0,2.5,1.0,33.0,40.0,100.0,100.0,1
19910719.0,213,58,88231.0,0,0,1,0,0,0,0,0,0,1,3,816.0,2.0,1,5,1910.0,40.0,62.0,0.2,14.9,80.0,0.5,28.0,3.4,2303.0,56.8,39.8,2.0,0.0,2.5,0.6,33.0,40.0,100.0,100.0,1
19910727.0,354,4,37182.0,0,0,1,0,0,0,0,0,0,1,2,821.0,2.0,2,5,1911.0,45.0,58.0,0.2,15.0,75.0,0.625,20.0,10.5,2100.0,52.6,36.8,0.0,0.0,2.5,0.7,33.0,40.0,103.125,100.0,1
19910727.0,383,4,37182.0,0,0,1,0,0,0,0,0,0,1,2,821.0,7.0,2,5,1911.0,45.0,58.0,0.2,15.0,72.0,0.625,25.0,10.5,2100.0,52.6,36.8,5.0,0.0,2.5,0.8,33.0,40.0,103.125,100.0,1
19910718.0,287,60,25530.0,1,0,1,0,0,1,2,0,0,1,2,821.0,7.0,2,5,1910.0,42.0,58.0,0.233,16.0,78.0,0.5,25.0,0.0,1800.0,58.8,41.2,5.0,0.0,2.5,1.0,34.0,40.0,103.125,100.0,1
19911124.0,48,8,37970.0,0,0,1,0,0,1,0,0,0,1,0,802.0,2.0,0,5,1910.0,27.5,41.0,0.267,17.58,80.0,0.75,50.0,3.4,1490.0,56.8,39.8,0.0,0.0,3.0,1.0,35.0,40.0,103.125,100.0,1
19911124.0,39,8,37970.0,0,0,1,0,0,1,0,0,0,1,0,802.0,7.0,0,5,1911.0,35.0,41.0,0.267,16.66,78.0,0.75,50.0,7.6,1490.0,54.3,38.0,0.0,0.0,3.0,1.0,35.0,40.0,106.7,100.0,1
19910829.0,134,15,37001.0,1,0,1,0,0,1,2,0,0,1,0,802.0,2.0,0,5,1910.0,60.0,60.0,0.2,15.0,80.0,0.75,50.0,10.4,1380.0,47.2,42.5,0.0,0.0,3.0,1.0,38.0,40.0,106.5,100.0,1
19910807.0,77,0,24780.0,0,0,1,0,0,1,0,0,0,1,0,802.0,2.0,0,5,1910.0,40.0,60.0,0.2,15.0,80.0,0.625,50.0,0.0,1400.0,58.8,41.2,0.0,0.0,3.0,0.6,34.0,40.0,103.1,100.0,1
19910807.0,57,0,24780.0,2,0,1,0,0,1,0,0,0,1,0,802.0,7.0,0,5,1910.0,45.0360824742268,60.0,0.2,15.0,80.0,0.625,50.0,6.6,1400.0,54.9,38.5,6.0,0.0,3.0,1.1,34.0,40.0,103.1,100.0,1
19910817.0,201,57,35529.0,1,0,1,0,0,1,2,0,0,1,0,802.0,2.0,1,5,1910.0,45.0,58.0,0.2,17.0,72.0,0.75,30.907563025210084,3.2,1470.0,53.8,43.0,0.0,0.0,3.0,1.0,34.0,40.0,100.0,100.0,1
19910903.0,340,59,35874.0,0,0,0,0,0,0,0,0,0,0,2,824.0,2.0,2,5,1910.0,40.0,62.0,0.3,16.1,82.0,0.812,30.0,5.7,1800.0,56.8,37.5,10.0,0.0,0.7,0.5,30.0,40.0,106.5,100.0,1
19910903.0,304,59,35874.0,0,0,0,0,0,0,0,0,0,0,2,824.0,9.0,2,5,1911.0,40.0,62.0,0.233,16.1,78.0,0.5625,25.0,5.5,1800.0,55.0,39.5,0.0,0.0,1.6,1.5,30.0,40.0,103.23,100.0,1
19910729.0,289,63,37508.0,0,0,1,0,0,0,0,0,0,1,2,824.0,9.0,2,5,1910.0,45.0,57.0,0.233,15.0,88.0,0.5625,30.0,10.4,1900.0,52.1,37.5,0.0,0.0,2.5,1.8,30.0,40.0,100.0,100.0,1
19910818.0,345,63,37513.0,0,0,1,0,0,0,0,0,0,1,2,824.0,2.0,2,5,1911.0,40.0,59.0,0.3,16.4,85.0,0.8125,30.0,0.0,1900.0,58.8,41.2,10.0,0.0,2.0,0.8,30.0,40.0,96.88,100.0,1
19910730.0,373,54,35761.0,0,0,1,0,0,0,0,0,0,1,2,828.0,2.0,2,5,1910.0,35.0,59.0,0.2,16.1,82.0,0.7243334970530452,28.0,0.0,2500.0,58.8,41.2,0.0,0.0,2.5,1.3,30.0,40.0,100.0,100.0,1
19910730.0,357,54,35761.0,0,0,1,0,0,0,0,0,0,1,2,828.0,9.0,2,5,1910.0,35.0,59.0,0.2,16.1,84.0,0.7243334970530452,30.0,0.0,2500.0,55.0,45.0,0.0,0.0,2.5,1.1,30.0,40.0,100.0,100.0,1
19911211.0,255,30,37018.0,0,0,1,0,0,0,0,0,0,1,3,816.0,2.0,1,5,1911.0,42.5,47.0,0.2,16.2,78.0,0.75,30.0,0.0,2100.0,56.2,43.8,0.0,0.0,2.5,1.2,33.0,40.0,110.0,100.0,0
19910809.0,240,3,39200.0,1,0,1,0,0,1,2,0,0,0,3,815.0,2.0,0,5,1910.0,40.0,68.0,0.2,14.8,90.0,1.0,30.0,0.0,1440.0,58.8,41.2,0.0,0.0,2.5,1.0,40.0,40.0,103.13,100.0,0
19910806.0,400,43,37371.0,0,0,1,0,0,1,0,0,0,1,3,816.0,2.0,2,5,1910.0,40.0,60.0,0.2,15.0,85.0,1.0,25.0,6.9,2100.0,54.0,39.1,0.0,0.0,2.5,1.2,35.0,40.0,103.13,100.0,0
19910924.0,220,32,39027.0,1,0,1,0,0,1,2,0,0,1,3,816.0,2.0,0,5,1911.0,50.0,65.0,0.27585742187499995,16.0,80.0,0.5,28.0,12.5,1550.0,50.0,37.5,0.0,0.0,2.5,1.5,34.0,40.0,106.45,100.0,0
19910923.0,235,32,39027.0,1,0,1,0,0,1,2,0,0,0,3,816.0,9.0,0,5,1910.0,50.0,60.0,0.267,16.0,78.0,0.5,28.0,4.5,1520.0,53.0,42.0,0.0,0.0,2.5,1.5,34.0,40.0,106.2,100.0,0
19910915.0,103,4,37189.0,0,0,1,0,0,0,0,0,0,1,3,815.0,2.0,2,5,1910.0,40.0,63.0,0.233,15.8,80.0,0.75,30.0,10.5,2000.0,52.6,36.9,0.0,0.0,3.0,1.0,33.0,40.0,109.7,100.0,0
19910802.0,224,63,37510.0,0,0,1,0,0,0,0,0,0,1,3,815.0,9.0,0,5,1910.0,40.0,60.0,0.2,14.5,85.0,1.0,35.0,0.0,1250.0,58.8,41.2,2.5,0.0,1.5,1.0,30.0,40.0,100.0,100.0,0
19910719.0,74,8,37964.0,0,0,1,0,0,1,0,0,0,1,3,815.0,2.0,0,5,1910.0,40.0,69.0,0.2,14.5,76.0,0.625,22.0,0.0,1250.0,58.8,41.2,1.0,0.0,2.5,1.0,35.0,40.0,100.0,100.0,0
19910729.0,88,63,37510.0,0,0,1,0,0,0,0,0,0,0,3,815.0,2.0,0,5,1910.0,45.0,61.0,0.2,14.0,98.0,0.75,30.0,0.0,1600.0,58.8,41.2,2.0,0.0,2.4,0.9,30.0,40.0,100.0,100.0,0
19910729.0,143,8,37965.0,0,0,1,0,0,1,0,0,0,0,3,816.0,9.0,0,5,1910.0,55.0,61.0,0.283,21.0,78.0,1.0,28.0,0.0,1500.0,58.8,41.2,3.0,0.0,2.5,0.7,35.0,40.0,100.0,100.0,0
19911209.0,256,30,37018.0,0,0,1,0,0,0,0,0,0,1,3,816.0,9.0,1,5,1911.0,42.5,52.0,0.2,16.0,82.0,0.75,30.0,0.0,2150.0,58.8,41.2,0.0,0.0,2.5,1.0,33.0,40.0,110.0,100.0,0
19920105.0,145,15,34250.0,1,0,1,0,0,1,1,0,0,0,3,816.0,2.0,0,5,1911.0,50.0,47.0,0.2,15.0,80.0,0.625,28.0,0.0,1750.0,59.0,41.0,0.0,0.0,1.0,1.0,38.0,40.0,91.89,100.0,0
19920115.0,148,48,47301.0,1,0,1,0,0,1,2,0,0,1,3,816.0,2.0,0,5,1910.0,45.0360824742268,44.0,0.2,14.3,78.0,0.25,32.0,0.0,1650.0,56.8,43.2,3.0,0.0,2.5,2.5,40.0,40.0,100.0,100.0,0
19920114.0,148,48,47301.0,0,0,1,0,0,1,2,0,0,1,3,816.0,2.0,0,5,1911.0,45.0360824742268,43.0,0.2,15.2,78.0,0.75,32.0,8.2,1500.0,51.0,40.8,2.0,0.0,2.7,1.8,40.0,40.0,106.25,100.0,0
19920110.0,148,48,47301.0,1,0,1,0,0,1,2,0,0,1,3,816.0,2.0,0,5,1911.0,55.0,44.0,0.2,15.0,70.0,0.625,28.0,8.2,1700.0,51.0,40.8,0.0,0.0,2.5,2.0,40.0,40.0,100.0,100.0,0
19911104.0,115,59,35880.0,0,0,0,0,0,0,0,0,0,1,3,816.0,2.0,0,5,1910.0,40.0,38.0,0.27585742187499995,16.5,85.0,0.625,30.0,4.3,1900.0,53.2,42.5,0.0,0.0,3.0,1.0,30.0,40.0,103.13,100.0,0
19911103.0,115,59,35880.0,0,0,0,0,0,0,0,0,0,2,3,816.0,2.0,2,5,1910.0,40.0,40.0,0.27585742187499995,15.7,85.0,0.3125,27.0,4.3,2050.0,53.2,42.5,1.0,0.0,2.5,1.5,30.0,40.0,103.13,100.0,0
19911102.0,120,59,35880.0,0,0,0,0,0,0,0,0,0,1,3,816.0,2.0,2,5,1911.0,40.0,40.0,0.3,14.9,75.0,0.625,28.0,4.3,2000.0,53.2,42.5,4.0,0.0,2.5,1.5,30.0,40.0,117.86,100.0,0
19911203.0,361,60,25550.0,1,0,1,0,0,1,2,0,0,1,2,821.0,7.0,2,5,1911.0,40.0,47.0,0.2,14.5,85.0,0.75,25.0,10.5,1850.0,52.6,36.9,2.0,0.0,0.0,0.0,34.0,40.0,110.0,100.0,0
19910920.0,268,10,37068.0,0,0,1,0,0,0,0,0,0,1,2,821.0,2.0,2,5,1911.0,40.0,49.0,0.3,17.0,75.0,0.625,30.0,0.0,1600.0,58.8,41.2,0.0,0.0,2.5,0.65,33.0,40.0,109.6,100.0,0
19910822.0,208,57,35529.0,1,0,1,0,0,1,2,0,0,1,0,802.0,7.0,1,5,1911.0,47.5,58.0,0.217,13.1,70.0,0.7243334970530452,55.0,10.0,1660.0,50.0,40.0,0.0,0.0,2.9,1.0,34.0,40.0,96.88,100.0,0
19920220.0,96,42,29442.0,1,0,1,0,0,1,1,0,0,1,3,816.0,2.0,2,5,1910.0,50.0,40.0,0.2,15.2,78.0,1.0,24.0,0.0,1850.0,58.8,41.2,0.0,0.0,2.9,1.1,40.0,40.0,103.13,100.0,0
19910724.0,76,61,35522.0,1,0,1,0,0,1,2,0,0,0,0,802.0,2.0,0,5,1911.0,40.0,65.0,0.2,15.0,80.0,0.625,50.0,10.4,1640.0,47.2,42.4,1.0,0.0,3.0,1.5,32.0,40.0,103.13,100.0,0
19910917.0,280,18,37575.0,0,0,1,0,0,0,0,0,0,1,2,824.0,2.0,2,5,1910.0,30.0,50.949438202247194,0.3,17.0,78.0,0.8125,30.0,0.0,1700.0,58.8,41.2,0.0,0.0,2.5,1.2,30.0,40.0,106.25,100.0,0
19920205.0,350,18,34272.0,1,0,1,0,0,0,0,0,0,1,2,824.0,9.0,2,5,1910.0,30.0,40.0,0.2,14.0,73.0,0.5625,30.0,0.0,1800.0,58.8,41.2,0.0,0.0,0.0,0.0,30.0,40.0,100.0,100.0,0
19910810.0,133,15,37001.0,1,0,1,0,0,1,2,0,0,1,0,802.0,7.0,0,5,1911.0,50.0,62.0,0.267,11.2,80.0,0.7243334970530452,50.0,0.0,1570.0,58.8,41.2,0.0,0.0,3.0,1.0,38.0,40.0,103.23,100.0,0
19910817.0,215,57,35529.0,1,0,1,0,0,1,2,0,0,1,0,802.0,7.0,1,5,1910.0,45.0,63.0,0.267,15.0,80.0,0.75,50.0,0.0,1470.0,58.8,41.2,2.0,0.0,3.0,1.0,34.0,40.0,100.0,100.0,0
19910724.0,176,61,35522.0,1,0,1,0,0,1,2,0,0,0,0,802.0,7.0,0,5,1911.0,37.5,65.0,0.2,16.0,80.0,0.625,50.0,6.6,1640.0,54.9,38.5,3.0,0.0,3.0,1.0,32.0,40.0,103.13,100.0,0
19920208.0,2,43,34514.0,0,0,1,0,0,1,0,0,0,1,2,821.0,7.0,2,5,1910.0,40.0,39.0,0.2,15.0,83.0,0.625,30.0,0.0,2000.0,58.1,41.9,1.0,0.0,2.5,0.6,35.0,40.0,100.0,100.0,0
19920207.0,4,43,34514.0,0,0,1,0,0,1,0,0,0,1,2,821.0,7.0,2,5,1911.0,40.0,39.0,0.2,15.0,72.0,0.375,30.0,0.0,2000.0,58.1,41.9,1.0,0.0,2.5,0.3,35.0,40.0,109.9,100.0,0
19910730.0,272,60,25532.0,1,0,1,0,0,1,2,0,0,1,2,821.0,2.0,2,5,1910.0,40.0,59.0,0.25,15.0,80.0,0.75,40.0,13.3,1750.0,51.0,35.7,0.0,0.0,2.2,0.7,34.0,40.0,100.0,100.0,0
19920408.0,228,8,37998.0,0,0,2,2,0,1,0,0,3,2,3,815.0,2.0,3,5,1910.0,30.0,50.0,0.233,16.1,79.0,0.625,25.0,5.780578512396694,1400.0,55.63853305785125,38.56764462809917,1.3193581780538302,0.03814432989690722,2.5,1.0,34.77525773195876,40.0,106.0,100.0,0
19920402.0,293,29,23233.0,1,0,2,2,0,1,0,0,3,1,2,821.0,7.0,3,5,1911.0,40.0,40.0,0.3,14.5,72.0,0.625,34.0,5.780578512396694,1620.0,55.63853305785125,38.56764462809917,1.3193581780538302,0.03814432989690722,2.5,1.3,34.77525773195876,40.0,102.0,100.0,0
19920317.0,6,43,34518.0,0,0,2,2,0,1,0,0,3,0,2,821.0,7.0,3,5,1911.0,45.0,36.0,0.27585742187499995,14.0,76.0,0.625,20.0,5.780578512396694,1700.0,55.63853305785125,38.56764462809917,1.3193581780538302,0.03814432989690722,2.0,0.9,34.77525773195876,40.0,100.0,100.0,0
19920402.0,151,52,34014.0,0,0,2,2,0,1,0,0,3,2,3,816.0,9.0,2,5,1910.0,40.0,40.0,0.3,15.5,75.0,0.75,25.0,5.780578512396694,1100.0,55.63853305785125,38.56764462809917,1.3193581780538302,0.03814432989690722,2.5,1.0,34.77525773195876,40.0,102.941,100.0,0
19920405.0,267,64,34227.0,0,0,2,2,0,0,0,0,3,1,2,824.0,9.0,2,5,1910.0,35.0,42.0,0.2,15.0,78.0,0.5625,40.0,5.780578512396694,1750.0,55.63853305785125,38.56764462809917,1.3193581780538302,0.03814432989690722,2.3,1.0,34.77525773195876,40.0,103.0,100.0,0
19920416.0,117,54,36423.0,0,0,2,2,0,0,0,0,3,1,3,815.0,2.0,2,5,1910.0,55.0,51.0,0.25,16.4,78.0,0.5,29.0,5.780578512396694,1800.0,55.63853305785125,38.56764462809917,1.3193581780538302,0.03814432989690722,1.5,1.0,34.77525773195876,40.0,100.0,100.0,0
19920326.0,348,54,34294.0,0,0,2,2,0,0,0,0,3,1,2,821.0,2.0,2,5,1910.0,35.0,48.0,0.267,16.0,72.0,0.75,20.0,5.780578512396694,1650.0,55.63853305785125,38.56764462809917,1.3193581780538302,0.03814432989690722,1.5,1.1,34.77525773195876,40.0,83.33,100.0,0
19920320.0,94,54,34293.0,0,0,2,2,0,0,0,0,3,1,3,816.0,2.0,2,5,1910.0,47.5,50.0,0.2,17.0,70.0,0.5,30.0,5.780578512396694,2000.0,55.63853305785125,38.56764462809917,1.3193581780538302,0.03814432989690722,2.2,0.7,34.77525773195876,40.0,103.225,100.0,0
19920515.0,268,59,34156.0,0,0,2,2,0,0,0,0,3,1,2,824.0,10.0,2,5,1911.0,40.0,52.0,0.27585742187499995,13.5,85.0,0.75,30.0,5.780578512396694,1900.0,55.63853305785125,38.56764462809917,1.3193581780538302,0.03814432989690722,0.0,0.0,34.77525773195876,40.0,94.4,100.0,0
19920523.0,193,58,34453.0,0,0,2,2,0,1,0,0,3,1,2,827.0,2.0,1,5,1911.0,47.5,53.0,0.233,17.0,80.0,0.625,20.0,5.780578512396694,1850.0,55.63853305785125,38.56764462809917,1.3193581780538302,0.03814432989690722,2.0,1.5,34.77525773195876,40.0,105.7,100.0,0
19920529.0,211,58,34453.0,0,0,2,2,0,1,0,0,3,1,3,816.0,9.0,1,5,1910.0,50.0,56.0,0.3,15.0,80.0,0.1875,26.0,5.780578512396694,1950.0,55.63853305785125,38.56764462809917,1.3193581780538302,0.03814432989690722,2.5,1.5,34.77525773195876,40.0,102.857,100.0,0
19920530.0,328,20,34763.0,1,0,2,2,0,1,2,0,3,2,2,824.0,2.0,2,5,1911.0,55.0,56.0,0.3,21.0,80.0,0.875,35.0,5.780578512396694,1650.0,55.63853305785125,38.56764462809917,1.3193581780538302,0.03814432989690722,2.1,0.6,34.77525773195876,40.0,100.0,100.0,0
19920531.0,286,20,34763.0,1,0,2,2,0,1,2,0,3,1,2,824.0,2.0,2,5,1910.0,55.0,54.0,0.3,17.5,82.0,0.8125,28.0,5.780578512396694,1600.0,55.63853305785125,38.56764462809917,1.3193581780538302,0.03814432989690722,2.5,1.0,34.77525773195876,40.0,102.94,100.0,0
19920603.0,313,59,34157.0,0,0,2,2,0,1,2,0,3,1,2,824.0,2.0,2,5,1910.0,40.0,57.0,0.3,16.0,86.0,0.8125,30.0,5.780578512396694,1700.0,55.63853305785125,38.56764462809917,1.3193581780538302,0.03814432989690722,2.5,1.0,34.77525773195876,40.0,102.94,100.0,0
19920610.0,205,58,34465.0,0,0,2,2,0,0,0,0,3,1,3,816.0,1.0,1,5,1910.0,35.0,56.0,0.267,15.1,81.0,0.75,32.0,5.780578512396694,2000.0,55.63853305785125,38.56764462809917,1.3193581780538302,0.03814432989690722,2.5,1.0,34.77525773195876,40.0,102.94,100.0,0
19920705.0,5,43,34527.0,2,0,2,2,0,1,0,0,3,1,2,821.0,7.0,1,5,1910.0,50.0,66.0,0.3,14.8,80.0,0.625,30.0,5.780578512396694,1840.0,55.63853305785125,38.56764462809917,1.3193581780538302,0.03814432989690722,2.5,1.0,34.77525773195876,40.0,100.0,100.0,0
19920709.0,139,48,47304.0,1,0,2,2,0,1,2,0,3,1,3,815.0,9.0,0,5,1911.0,50.0,67.0,0.3,14.5,86.0,0.75,22.0,5.780578512396694,1300.0,55.63853305785125,38.56764462809917,1.3193581780538302,0.03814432989690722,2.5,2.0,34.77525773195876,40.0,102.77,100.0,0
19920808.0,0,72,36567.0,2,2,2,2,1,2,3,3,3,3,0,816.0,2.0,4,5,1910.0,45.0360824742268,62.0,0.333,14.5,84.0,0.7243334970530452,23.0,5.780578512396694,1200.0,55.63853305785125,38.56764462809917,1.3193581780538302,0.03814432989690722,2.5,0.987593984962406,34.77525773195876,40.0,103.22,100.0,0
19920822.0,402,76,34533.0,2,2,2,2,1,3,5,3,3,4,2,821.0,2.0,6,5,1910.0,45.0360824742268,63.0,0.233,15.5,79.0,0.625,35.0,5.780578512396694,1760.0,55.63853305785125,38.56764462809917,1.3193581780538302,0.03814432989690722,2.4,1.0,34.77525773195876,40.0,106.25,100.0,0
19920826.0,416,71,34905.0,2,2,2,2,1,2,3,3,3,4,0,816.0,9.0,4,5,1910.0,45.0360824742268,67.0,0.3,15.1,80.0,0.75,28.0,5.780578512396694,1780.0,55.63853305785125,38.56764462809917,1.3193581780538302,0.03814432989690722,2.5,1.0,34.77525773195876,40.0,106.25,100.0,0
19920911.0,407,76,34534.0,2,2,2,2,1,3,5,3,3,4,2,821.0,7.0,5,5,1911.0,45.0360824742268,50.0,0.333,15.7,82.0,0.7243334970530452,30.0,5.780578512396694,1850.0,55.63853305785125,38.56764462809917,1.3193581780538302,0.03814432989690722,2.40093808630394,0.987593984962406,34.77525773195876,40.0,103.22,100.0,0
19920915.0,405,76,34534.0,2,2,2,2,1,3,5,3,3,4,2,821.0,7.0,5,5,1911.0,45.0360824742268,60.0,0.3,15.0,82.0,0.5,22.0,5.780578512396694,1800.0,55.63853305785125,38.56764462809917,1.3193581780538302,0.03814432989690722,2.5,1.0,34.77525773195876,40.0,96.8,100.0,0
19920918.0,403,76,34534.0,2,2,2,2,1,3,5,3,3,4,2,821.0,7.0,5,5,1911.0,45.0360824742268,60.0,0.267,14.8,80.0,0.625,25.0,5.780578512396694,1850.0,55.63853305785125,38.56764462809917,1.3193581780538302,0.03814432989690722,2.5,1.0,34.77525773195876,40.0,96.9,100.0,0
19920920.0,404,76,34534.0,2,2,2,2,1,3,5,3,3,4,2,821.0,7.0,5,5,1910.3646833013436,45.0360824742268,56.0,0.3,14.1,82.0,0.625,40.0,5.780578512396694,1800.0,55.63853305785125,38.56764462809917,1.3193581780538302,0.03814432989690722,2.5,0.9,34.77525773195876,40.0,96.9,100.0,0
19920712.0,421,73,36568.0,2,2,2,2,1,3,5,3,3,2,0,816.0,2.0,4,5,1911.0,45.0360824742268,56.0,0.367,15.1,78.0,0.5,29.0,5.780578512396694,1320.0,55.63853305785125,38.56764462809917,1.3193581780538302,0.03814432989690722,2.5,0.987593984962406,34.77525773195876,40.0,96.9,100.0,0
19921001.0,430,68,36054.0,2,2,2,2,1,3,5,3,3,4,0,816.0,2.0,4,5,1911.0,45.0360824742268,47.0,0.2,15.0,85.0,0.5,24.0,5.780578512396694,1470.0,55.63853305785125,38.56764462809917,1.3193581780538302,0.03814432989690722,1.8,1.7,34.77525773195876,40.0,96.9,100.0,0
19921004.0,401,80,24780.0,2,2,2,2,1,3,5,3,3,4,2,821.0,7.0,6,5,1911.0,45.0360824742268,55.0,0.367,15.5,76.0,0.75,30.0,5.780578512396694,1750.0,55.63853305785125,38.56764462809917,1.3193581780538302,0.03814432989690722,2.5,1.2,34.77525773195876,40.0,96.9,100.0,0
19921125.0,418,72,36569.0,2,2,2,2,1,3,4,3,3,4,0,816.0,2.0,4,5,1910.0,45.0360824742268,53.0,0.3,14.2,72.0,1.0,28.0,5.780578512396694,1600.0,55.63853305785125,38.56764462809917,1.3193581780538302,0.03814432989690722,2.7,1.5,34.77525773195876,40.0,106.1,100.0,0
19921129.0,422,72,36569.0,2,2,2,2,1,3,4,3,3,4,0,816.0,2.0,4,5,1910.0,45.0360824742268,39.0,0.3,15.1,71.0,0.625,30.0,5.780578512396694,1700.0,55.63853305785125,38.56764462809917,1.3193581780538302,0.03814432989690722,2.5,1.5,34.77525773195876,40.0,106.1,100.0,0
19930113.0,419,77,47401.0,2,2,2,2,1,2,3,3,3,4,0,816.0,2.0,4,5,1911.0,45.0360824742268,46.0,0.3,17.0,80.0,0.25,25.0,5.780578512396694,1700.0,55.63853305785125,38.56764462809917,1.3193581780538302,0.03814432989690722,2.5,1.5,34.77525773195876,30.0,117.7,95.0,0
19930205.0,427,78,35502.0,2,2,2,2,1,3,5,2,3,4,0,815.0,2.0,5,5,1910.0,45.0360824742268,35.0,0.3,16.2,88.0,0.5,28.0,5.780578512396694,1750.0,55.63853305785125,38.56764462809917,1.3193581780538302,0.03814432989690722,2.3,1.0,34.77525773195876,40.0,106.0,100.0,0
19930217.0,431,75,35986.0,2,2,2,2,1,2,3,2,3,4,3,802.0,7.0,5,5,1910.0,45.0360824742268,40.0,0.333,14.5,70.0,0.75,60.0,5.780578512396694,1250.0,55.63853305785125,38.56764462809917,1.3193581780538302,0.03814432989690722,2.0,1.5,34.77525773195876,40.0,112.5,100.0,0
19930219.0,429,69,37046.0,2,2,2,2,1,2,3,2,3,4,3,802.0,7.0,4,5,1911.0,45.0360824742268,39.0,0.3,16.0,72.0,0.75,50.0,5.780578512396694,1350.0,55.63853305785125,38.56764462809917,1.3193581780538302,0.03814432989690722,2.5,2.2,34.77525773195876,40.0,106.6,95.0,0
19930227.0,426,68,35831.0,2,2,2,2,1,3,4,2,3,4,0,815.0,2.0,4,5,1911.0,45.0360824742268,40.0,0.3,16.5,84.0,0.625,26.0,5.780578512396694,1565.0,55.63853305785125,38.56764462809917,1.3193581780538302,0.03814432989690722,2.5,1.0,34.77525773195876,40.0,106.6,95.0,0
19930309.0,406,76,85725.0,2,2,2,2,1,3,5,2,3,4,2,821.0,7.0,6,5,1910.0,45.0360824742268,44.0,0.2,16.22,74.0,0.75,30.0,5.780578512396694,2200.0,55.63853305785125,38.56764462809917,1.3193581780538302,0.03814432989690722,2.8,0.8,34.77525773195876,40.0,106.6,95.0,0
19930407.0,417,79,35661.0,2,2,2,2,1,4,5,2,3,4,0,816.0,2.0,6,5,1910.0,45.0360824742268,47.0,0.233,16.5,86.0,0.25,30.907563025210084,5.780578512396694,1750.0,55.63853305785125,38.56764462809917,1.3193581780538302,0.03814432989690722,2.1,2.1,34.77525773195876,40.0,109.6,95.0,0
19930514.0,147,77,47403.0,2,2,2,2,1,2,3,2,3,4,0,816.0,2.0,4,5,1911.0,45.0360824742268,52.0,0.2,16.0,75.0,0.3125,25.0,5.780578512396694,1500.0,55.63853305785125,38.56764462809917,1.3193581780538302,0.03814432989690722,2.5,0.6,34.77525773195876,40.0,109.1,100.0,0
19930624.0,396,76,85741.0,2,2,2,2,1,4,5,2,3,2,0,816.0,2.0,6,5,1911.0,45.0360824742268,50.949438202247194,0.3,15.0,80.0,0.5,30.0,5.780578512396694,2020.0,55.63853305785125,38.56764462809917,1.3193581780538302,0.03814432989690722,2.9,0.5,34.77525773195876,40.0,110.3,100.0,0
19930906.0,412,76,85750.0,2,2,2,2,1,3,5,2,3,4,2,827.0,2.0,6,5,1911.0,45.0360824742268,54.0,0.3,16.5,88.0,0.75,25.0,5.780578512396694,1850.0,55.63853305785125,38.56764462809917,1.3193581780538302,0.03814432989690722,3.0,2.0,34.77525773195876,40.0,107.14,95.0,0
19930908.0,420,77,47405.0,2,2,2,2,1,2,3,2,3,4,0,815.0,2.0,4,5,1911.0,45.0360824742268,56.0,0.3,14.0,91.0,1.125,27.0,5.780578512396694,1650.0,55.63853305785125,38.56764462809917,1.3193581780538302,0.03814432989690722,3.0,1.5,34.77525773195876,40.0,100.0,95.0,0
19930915.0,428,79,37191.0,2,2,2,2,1,2,3,2,3,4,0,815.0,2.0,4,5,1911.0,45.0360824742268,50.0,0.2,16.5,74.0,0.625,34.0,5.780578512396694,1750.0,55.63853305785125,38.56764462809917,1.3193581780538302,0.03814432989690722,2.6,1.0,34.77525773195876,40.0,103.125,95.0,0
19930916.0,428,72,35069.0,2,2,2,2,1,2,3,2,3,4,0,816.0,9.0,4,5,1911.0,45.0360824742268,56.0,0.2,17.0,75.0,0.75,25.0,5.780578512396694,1600.0,55.63853305785125,38.56764462809917,1.3193581780538302,0.03814432989690722,2.0,1.0,34.77525773195876,40.0,103.125,95.0,0
19930928.0,425,79,37191.0,2,2,2,2,1,2,3,2,3,4,0,815.0,9.0,4,5,1910.0,45.0360824742268,55.0,0.2,17.0,95.0,0.625,27.0,5.780578512396694,1600.0,55.63853305785125,38.56764462809917,1.3193581780538302,0.03814432989690722,2.5,1.0,34.77525773195876,40.0,106.25,100.0,0
19931008.0,415,74,35425.0,2,2,2,2,1,3,5,2,3,4,2,821.0,7.0,6,5,1911.0,45.0360824742268,54.0,0.267,15.5,80.0,0.75,40.0,5.780578512396694,2000.0,55.63853305785125,38.56764462809917,1.3193581780538302,0.03814432989690722,1.8,1.3,34.77525773195876,40.0,107.14,99.59888059701493,0
19940904.0,432,81,71331.0,2,2,2,2,1,3,5,2,3,2,2,824.0,2.0,6,5,1911.0,45.0360824742268,54.0,0.27585742187499995,15.5,78.0,0.8125,30.0,5.780578512396694,2100.0,55.63853305785125,38.56764462809917,1.3193581780538302,0.03814432989690722,1.2,1.0,34.77525773195876,40.0,97.05,100.0,0
19941004.0,411,76,85813.0,2,2,2,2,1,3,3,2,3,4,2,828.0,2.0,6,5,1910.0,45.0360824742268,53.0,0.27585742187499995,17.0,73.0,0.75,35.0,5.780578512396694,2100.0,55.63853305785125,38.56764462809917,1.3193581780538302,0.03814432989690722,2.6,1.3,34.77525773195876,40.0,113.3,100.0,0
19941001.0,414,70,38240.0,2,2,2,2,1,4,5,2,3,3,2,828.0,2.0,6,5,1911.0,45.0360824742268,50.949438202247194,0.27585742187499995,16.0,83.0,0.7243334970530452,28.0,5.780578512396694,2400.0,55.63853305785125,38.56764462809917,1.3193581780538302,0.03814432989690722,2.5,1.0,34.77525773195876,40.0,112.5,100.0,0
19940927.0,413,70,38240.0,2,2,2,2,1,4,5,2,3,4,2,828.0,9.0,6,5,1911.0,45.0360824742268,60.0,0.27585742187499995,14.9,76.0,1.0,30.0,5.780578512396694,2500.0,55.63853305785125,38.56764462809917,1.3193581780538302,0.03814432989690722,0.5,0.5,34.77525773195876,40.0,112.5,100.0,0
19941007.0,409,76,85813.0,2,2,2,2,1,3,5,2,3,2,2,827.0,2.0,6,5,1910.0,45.0360824742268,56.0,0.3,18.3,80.0,1.0,32.0,5.780578512396694,1900.0,55.63853305785125,38.56764462809917,1.3193581780538302,0.03814432989690722,2.40093808630394,0.987593984962406,34.77525773195876,40.0,110.0,100.0,0
19941005.0,408,76,85813.0,2,2,2,2,1,3,5,2,3,2,2,827.0,9.0,6,5,1910.0,45.0360824742268,52.0,0.27585742187499995,18.0,82.0,1.0,25.0,5.780578512396694,1880.0,55.63853305785125,38.56764462809917,1.3193581780538302,0.03814432989690722,1.0,1.0,34.77525773195876,40.0,112.5,100.0,0
19941009.0,423,67,38064.0,2,2,2,2,1,3,3,2,3,4,0,815.0,1.0,6,5,1910.0,45.0360824742268,50.949438202247194,0.2,16.1,76.0,0.5,34.0,5.780578512396694,2100.0,55.63853305785125,38.56764462809917,1.3193581780538302,0.03814432989690722,0.0,0.0,34.77525773195876,40.0,110.0,100.0,0
19941009.0,407,76,85814.0,2,2,2,2,1,3,3,2,3,2,2,827.0,2.0,6,5,1910.0,45.0360824742268,50.949438202247194,0.3,16.5,70.0,1.0,34.0,5.780578512396694,1903.0,55.63853305785125,38.56764462809917,1.3193581780538302,0.03814432989690722,2.7,2.8,34.77525773195876,40.0,108.0,100.0,0
19941010.0,410,76,85814.0,2,2,2,2,1,3,5,2,3,2,2,828.0,2.0,6,5,1910.0,45.0360824742268,46.0,0.267,16.4,76.0,1.0,34.0,5.780578512396694,1903.0,55.63853305785125,38.56764462809917,1.3193581780538302,0.03814432989690722,1.5,2.3,34.77525773195876,40.0,108.0,100.0,0
19941010.0,424,67,38064.0,2,2,2,2,1,3,5,2,3,4,0,815.0,1.0,6,5,1910.0,45.0360824742268,46.0,0.2,14.2,75.0,0.75,25.0,5.780578512396694,2050.0,55.63853305785125,38.56764462809917,1.3193581780538302,0.03814432989690722,2.5,1.0,34.77525773195876,40.0,108.1,100.0,0
